titre;categorie;lieux_extraits;date;url
Sidi Bouzid et Kairouan : 217 criminels arrêtés dans un coup de filet antidrogue;1;Sidi Bouzid, Intérieur - Tunisie|Sidi Bouzid, Kairouan;08/05/2025;https://letemps.news/2025/05/08/sidi-bouzid-et-kairouan-217-criminels-arretes-dans-un-coup-de-filet-antidrogue/
Démantèlement de réseaux de drogue à Sousse et Bizerte : plusieurs arrestations et saisies;1;Bizerte, Ras Jbel, Sousse, Bizerte|drogues;15/04/2025;https://letemps.news/2025/04/15/demantelement-de-reseaux-de-drogue-a-sousse-et-bizerte-plusieurs-arrestations-et-saisies/
Saisie de 200 grammes de cocaïne au poste frontalier de Bouchebka;1;Bouchebka;03/04/2025;https://letemps.news/2025/04/03/saisie-de-200-grammes-de-cocaine-au-poste-frontalier-de-bouchebka/
Démantèlement d’un réseau international de trafic de drogue en Tunisie;1;Berges du Lac I, gouvernorat de Tunis, Tunisie, Europe;10/03/2025;https://letemps.news/2025/03/10/demantelement-dun-reseau-international-de-trafic-de-drogue-en-tunisie/
Arrestation de quatre individus impliqués dans des affaires criminelles à Sousse;1;Sousse Médina, Sousse;05/03/2025;https://letemps.news/2025/03/05/arrestation-de-quatre-individus-impliques-dans-des-affaires-criminelles-a-sousse/
Les douaniers saisissent plus de 6,660 kg de cocaïne au poste frontalier de Dhehiba;1;Tunisie, Dhehiba, Tunisien, Dhehiba Douane, Libye, frontière tuniso-libyenne;03/03/2025;https://letemps.news/2025/03/03/les-douaniers-saisissent-plus-de-6660-kg-de-cocaine-au-poste-frontalier-de-dhehiba/
Sousse : arrestation de deux individus en possession de drogue;1;Sousse, Sousse Nord;01/03/2025;https://letemps.news/2025/03/01/sousse-arrestation-de-deux-individus-en-possession-de-drogue/
Garde nationale : un réseau de trafic de drogue démantelé à Hay Hlal;1;;24/02/2025;https://letemps.news/2025/02/24/garde-nationale-un-reseau-de-trafic-de-drogue-demantele-a-hay-hlal/
Ministère de l’Intérieur : arrestation de 420 criminels dangereux et saisie de 14 665 comprimés de drogue;1;Tunis, Kairouan;22/02/2025;https://letemps.news/2025/02/22/ministere-de-linterieur-arrestation-de-420-criminels-dangereux-et-saisie-de-14-665-comprimes-de-drogue/
La douane déjoue une tentative de contrebande de 24 900 comprimés psychotropes;1;Tunisien;22/02/2025;https://letemps.news/2025/02/22/la-douane-dejoue-une-tentative-de-contrebande-de-24-900-comprimes-psychotropes/
Saisie de plus de 4500 comprimés d’ecstasy au poste frontalier de Melloula;1;Melloula, Jendouba;08/02/2025;https://letemps.news/2025/02/08/saisie-de-plus-de-4500-comprimes-decstasy-au-poste-frontalier-de-melloula/
Un jeune tunisien condamné à 24 ans de prison pour trafic de drogue;1;Tunis, Cap Bon, Tunisie, Europe;28/01/2025;https://letemps.news/2025/01/28/un-jeune-tunisien-condamne-a-24-ans-de-prison-pour-trafic-de-drogue/
Saisie de 440 plaques de cannabis à El Mourouj 2;1;Mourouj, El Mourouj;13/12/2024;https://letemps.news/2024/12/13/saisie-de-440-plaques-de-cannabis-a-el-mourouj-2/
Sousse : arrestation d’un trafiquant de drogue avec 2,6 kg de cocaïne;1;Sousse;08/12/2024;https://letemps.news/2024/12/08/sousse-arrestation-dun-trafiquant-de-drogue-avec-26-kg-de-cocaine/
Arrestation d’un trafiquant de drogue à Sousse avec de la cocaïne et plus de 9000 dinars;1;stupéfiants|Sousse A Sousse, Sousse;27/11/2024;https://letemps.news/2024/11/27/arrestation-trafiquant-drogue-sousse-avec-cocaine-9000-dinars/
Démantèlement d’un réseau criminel de migration irrégulière à Ben Arous;1;;27/11/2024;https://letemps.news/2024/11/27/demantelement-dun-reseau-criminel-de-migration-irreguliere-a-ben-arous/
Arrestation d’un réseau criminel à Ettadhamen et Jebel Lahmar;1;Ariana, Jebel, Ettadhamen;21/11/2024;https://letemps.news/2024/11/21/arrestation-dun-reseau-criminel-a-ettadhamen-et-jebel-lahmar/
Grand Tunis : 205 trafiquants de stupéfiants interpellés lors d’une vaste opération sécuritaire;1;Tunis, grand Tunis;24/10/2024;https://letemps.news/2024/10/24/grand-tunis-205-trafiquants-de-stupefiants-interpelles-lors-dune-vaste-operation-securitaire/
Mahdia : arrestation d’un important trafiquant de drogue;1;Mahdia, Monastir;26/09/2024;https://letemps.news/2024/09/26/mahdia-arrestation-important-trafiquant-drogue/
Saisie de 14 plaques de cannabis au port de la Goulette;1;port de la Goulette, Tunisie, Marseille, port de la Goulette Nord, Goulette|port;07/09/2024;https://letemps.news/2024/09/07/saisie-de-14-plaques-de-cannabis-au-port-de-la-goulette/
Saisie de 10,7 kg de cocaïne et 10 fusils de chasse à Ras Jedir;1;Ras, stupéfiants|Ras, Jedir, Douane tunisienne;19/08/2024;https://letemps.news/2024/08/19/saisie-de-107-kg-de-cocaine-et-10-fusils-de-chasse-a-ras-jedir/
Port de Radès : démantèlement d’un réseau international de trafic de drogues;1;Tunis, Tunisie, Bizerte, Radès, Port;01/07/2024;https://letemps.news/2024/07/01/port-de-rades-demantelement-dun-reseau-international-de-trafic-de-drogues/
Patricide à Bizerte : le principal suspect arrêté;2;Bizerte, Patricide, République;02/06/2024;https://letemps.news/2024/06/02/patricide-a-bizerte-le-principal-suspect-arrete/
Ouverture d’une enquête contre un réseau de trafic de drogue à Jendouba;1;stupéfiants|enquête|Jendouba, Tabraka, procureur de la République, Jendouba;15/05/2024;https://letemps.news/2024/05/15/ouverture-dune-enquete-contre-un-reseau-de-trafic-de-drogue-a-jendouba/
Démantèlement d’un réseau de trafic de drogues;1;Maghreb, Sahel, Europe;13/05/2024;https://letemps.news/2024/05/13/demantelement-dun-reseau-de-trafic-de-drogues/
Démantèlement d’un réseau criminel spécialisé dans la traite des personnes et le blanchiment d’argent;1;Sfax, Nabeul;01/05/2024;https://letemps.news/2024/05/01/demantelement-dun-reseau-criminel-specialise-dans-la-traite-des-personnes-et-le-blanchiment-dargent-2/
Monastir : trois trafiquants de drogue arrêtés;1;Monastir;15/04/2024;https://letemps.news/2024/04/15/monastir-trois-trafiquants-de-drogue-arretes/
Vol de voitures : deux spécialistes de brouillage arrêtés;3;La Marsa, Mosaïque FM, Marsa Est, Bhar Lazreg;12/04/2024;https://letemps.news/2024/04/12/vol-de-voitures-deux-specialistes-de-brouillage-arretes/
Démantèlement d’un réseau de trafic de personnes de nationalités subsahariennes;1;Tozeur, Sidi Bouzid, Sfax, Kasserine, Gafsa, Jebiniana;04/04/2024;https://letemps.news/2024/04/04/demantelement-dun-reseau-de-trafic-de-personnes-de-nationalites-subsahariennes/
Douane : saisie de 4652 grammes d’or;1;Nabeul;11/07/2023;https://letemps.news/2023/07/11/douane-saisie-de-4652-grammes-dor/
Triple homicide à Sfax : le fils et son ami devant le juge;2;procureur de la République, Cité Habib, Triple, Ksibi, Sfax, République;12/06/2023;https://letemps.news/2023/06/12/triple-homicide-a-sfax-le-fils-et-son-ami-devant-le-juge/
Triple homicide à Sfax : le fils placé en détention;2;Mosaïque FM, El Habib, Triple, Sfax, CHU Habib Bourguiba;09/06/2023;https://letemps.news/2023/06/09/triple-homicide-a-sfax-le-fils-place-en-detention/
Triple meurtre à Sfax;2;Triple, République du Tribunal, Mosaïque FM, Sfax;08/06/2023;https://letemps.news/2023/06/08/triple-meurtre-a-sfax/
Ariana : deux voitures administratives du gouverneur volées devant son domicile;3;Ariana, Mosaïque FM;17/04/2023;https://letemps.news/2023/04/17/ariana-deux-voitures-administratives-du-gouverneur-volees-devant-son-domicile/
Tunis | Le dealer Sar’oufa sous les verrous;1;Tunis, Jebel Lahmar, El Omrane, cannabis|hachich|Jebel;22/03/2026;https://kapitalis.com/tunisie/2026/03/22/tunis-le-dealer-saroufa-sous-les-verrous/
Le meurtrier présumé de l’ambassadeur Ben Haha mis en détention;2;Tunis, Stockholm, Tunisie, Gouvernorat de Bizerte, Suède, Athènes, Grèce, département des Affaires étrangères, indiqueDiwan FM, El Menzah 1;21/03/2026;https://kapitalis.com/tunisie/2026/03/21/le-meurtrier-presume-de-lambassadeur-ben-haha-mis-en-detention/
Sidi Hassine | La peine de mort pour l’individu ayant tué sa tante;2;Tunis, mort|Sidi Hassine|Tunis|Tunisie|vol, Sidi Hassine;14/03/2026;https://kapitalis.com/tunisie/2026/03/14/sidi-hassine-la-peine-de-mort-pour-lindividu-ayant-tue-sa-tante/
Lutte contre le trafic de drogue | Un bilan de 10 jours impressionnant;1;;11/03/2026;https://kapitalis.com/tunisie/2026/03/11/lutte-contre-le-trafic-de-drogue-un-bilan-de-10-jours-impressionnant/
Trafic de drogues | 35 ans de prison pour un dealer arrêté à la Marsa;1;Tunis, Marsa, La Marsa;09/03/2026;https://kapitalis.com/tunisie/2026/03/09/trafic-de-drogues-35-ans-de-prison-pour-un-dealer-arrete-a-la-marsa/
Un réseau de trafic de drogue démantelé à Kairouan;1;Cherarda, Kairouan;25/02/2026;https://kapitalis.com/tunisie/2026/02/25/un-reseau-de-trafic-de-drogue-demantele-a-kairouan/
Tunis | Un dealer et son père condamnés pour trafic de drogue;1;Tunis, Douar, argent|dealer|Douar;19/02/2026;https://kapitalis.com/tunisie/2026/02/19/tunis-un-dealer-et-son-pere-condamnes-pour-trafic-de-drogue/
Sousse | Garde-à-vue pour 3 trafiquants de cannabis;1;Sousse, Sousse-Ville, Garde-à-vue;19/02/2026;https://kapitalis.com/tunisie/2026/02/19/sousse-garde-a-vue-pour-3-trafiquants-de-cannabis/
Trafic de drogue et blanchiment d’argent | Deux réseaux démantelés;1;;17/02/2026;https://kapitalis.com/tunisie/2026/02/17/trafic-de-drogue-et-blanchiment-dargent-deux-reseaux-demanteles/
Viol d’enfant à Ennasr | Information judiciaire contre 4 suspects;4;Ennasr 2, Femme, Ennasr, Tunis;16/02/2026;https://kapitalis.com/tunisie/2026/02/16/viol-denfant-a-ennasr-information-judiciaire-contre-4-suspects/
Ariana | Du nouveau dans l’affaire d’abus sexuels dans dans une maternelle;4;Femme, Ariana, Ennasr, Enfance;13/02/2026;https://kapitalis.com/tunisie/2026/02/13/ariana-du-nouveau-dans-laffaire-dabus-sexuels-dans-dans-une-maternelle/
Ariana | Enquête sur des soupçons d’abus sexuels dans dans une maternelle;4;Tunis, Femme, Ariana, Mosaïque FM;12/02/2026;https://kapitalis.com/tunisie/2026/02/12/ariana-enquete-sur-des-soupcons-dabus-sexuels-dans-dans-une-maternelle/
Du nouveau dans l’affaire du braquage à l’arme blanche à la Soukra (DGSN);3;Subsaharienne, véidéo, Parquet de l’Ariana, Soukra;12/02/2026;https://kapitalis.com/tunisie/2026/02/12/du-nouveau-dans-laffaire-du-braquage-a-larme-blanche-a-la-soukra-dgsn/
Plus de 5 kg de cocaïne saisis par la douane à Ras Jedir;1;Ras Jedir cocaïne|Douane|Ras, Ras Jedir;09/02/2026;https://kapitalis.com/tunisie/2026/02/09/plus-de-5-kg-de-cocaine-saisis-par-la-douane-a-ras-jedir/
Élève tué dans un lycée à Monastir | Deux mineurs arrêtés;2;Monastir;09/02/2026;https://kapitalis.com/tunisie/2026/02/09/eleve-tue-dans-un-lycee-a-monastir-deux-mineurs-arretes/
Trafic de drogue à Hammamet | Réseau démantelé, un dealer et sa mère arrêtés;1;Grombalia, Hammamet, Kélibia;05/02/2026;https://kapitalis.com/tunisie/2026/02/05/trafic-de-drogue-a-hammamet-reseau-demantele-un-dealer-et-sa-mere-arretes/
Un homme de 70 ans tué à coups de couteau à Kerkennah;2;Kerkennah, Sfax, Diwan FM, île de Kerkennah;04/02/2026;https://kapitalis.com/tunisie/2026/02/04/un-homme-de-70-ans-tue-a-coups-de-couteau-a-kerkennah/
Siliana | Il tue son frère à cause d’un tatouage;2;Siliana;04/02/2026;https://kapitalis.com/tunisie/2026/02/04/siliana-il-tue-son-frere-a-cause-dun-tatouage/
Drame à Gaâfour | Un jeune tue son frère pour une histoire de… tatouage !;2;Siliana, Gaâfour, Mosaïque FM, procureur de la République;03/02/2026;https://kapitalis.com/tunisie/2026/02/03/drame-a-gaafour-un-jeune-tue-son-frere-pour-une-histoire-de-tatouage/
Un homme âgé tué à l’Ariana | Le suspect arrêté;2;Ariana, Ariana Nord, Ennakhilet, Tunis|tueur|Tunisie;02/02/2026;https://kapitalis.com/tunisie/2026/02/02/un-homme-age-tue-a-lariana-le-suspect-arrete/
Un réseau de trafic de cannabis démantelé à Tajerouine;1;Kef, Mosaïque FM, Tajerouine;31/01/2026;https://kapitalis.com/tunisie/2026/01/31/un-reseau-de-trafic-de-cannabis-demantele-a-tajerouine/
Vernon | Un Tunisien tué devant le foyer de demandeurs d’asile à Vernon;2;France, Eure, Eure|meurtre|Tunisie|Tunisien|Vernon, Tunisien, Vernon;29/01/2026;https://kapitalis.com/tunisie/2026/01/29/vernon-un-tunisien-tue-devant-le-foyer-de-demandeurs-dasile-a-vernon/
Trafic de drogue et blanchiment d’argent | Les peines prononcées;1;Tunis, La Goulette, Mosaïque FM, Tunisie, Europe;28/01/2026;https://kapitalis.com/tunisie/2026/01/28/trafic-de-drogue-et-blanchiment-dargent-les-peines-prononcees/
Tunis | Une femme condamnée à 18 ans de prison pour trafic de drogues;1;Tunis, aéroport international de Tunis-Carthage, drogue|Tunis|Tunis-Carthage|Tunisie, Mosaïque FM;24/01/2026;https://kapitalis.com/tunisie/2026/01/24/tunis-une-femme-condamnee-a-18-ans-de-prison-pour-trafic-de-drogues/
Tunis | Braquage au bureau de poste de Oued Ellil;3;Tunis, El-Menzah, procureur de la République;21/01/2026;https://kapitalis.com/tunisie/2026/01/21/tunis-braquage-au-bureau-de-poste-de-oued-ellil/
Tunis | Meurtre au Jardin Habib Thameur;2;Tunis, Jardin Habib Thameur, Le Passage, Jardin Habib;19/01/2026;https://kapitalis.com/tunisie/2026/01/19/tunis-meurtre-au-jardin-habib-thameur/
Corps retrouvé dans le canal Medjerda | Un 2e suspect arrêté;2;canal Medjerda, canal de Medjerda;15/01/2026;https://kapitalis.com/tunisie/2026/01/15/corps-retrouve-dans-le-canal-medjerda-un-2e-suspect-arrete/
Mules transportant de l’héroïne | Des peines allant jusqu’à 20 ans de prison;1;Tunis, aéroport de Tunis-Carthage, Europe;15/01/2026;https://kapitalis.com/tunisie/2026/01/15/mules-transportant-de-lheroine-des-peines-allant-jusqua-20-ans-de-prison/
Trafic de cocaïne | Sept dealers, dont deux femmes, arrêtés à Gafsa;1;Gafsa;15/01/2026;https://kapitalis.com/tunisie/2026/01/15/trafic-de-cocaine-sept-dealers-dont-deux-femmes-arretes-a-gafsa/
Un réseau de trafic de psychotropes démantelé à Gafsa;1;Mdhilla, El Ksour, Gafsa;10/01/2026;https://kapitalis.com/tunisie/2026/01/10/un-reseau-de-trafic-de-psychotropes-demantele-a-gafsa/
Menzel Bourguiba | Meurtre d’une femme et suicide du meurtrier;2;Bizerte, rapportéMosaïque FM, Menzel Bourguiba;05/01/2026;https://kapitalis.com/tunisie/2026/01/05/menzel-bourguiba-meurtre-dune-femme-et-suicide-du-meurtrier/
Arrêtée à Tunis | Une femme droguait des hommes et les faisait chanter;2;Tunis, Bab Souika;03/01/2026;https://kapitalis.com/tunisie/2026/01/03/arretee-a-tunis-une-femme-droguait-des-hommes-et-les-faisait-chanter/
Meurtre à Radès | Le voisin placé en détention;2;Tunis, France, Tunisie, Arous|crime|meurtre|Radès|Tunisie, Radès;02/01/2026;https://kapitalis.com/tunisie/2026/01/02/meurtre-a-rades-le-voisin-place-en-detention/
Trafic de cocaïne & réseau international | De lourdes peines contre 10 étrangers;1;Tunis, aéroport de Tunis-Carthage;30/12/2025;https://kapitalis.com/tunisie/2025/12/30/trafic-de-cocaine-reseau-international-de-lourdes-peines-contre-10-etrangers/
Saisie 330.000 comprimés de stupéfiants à Kasserine;1;Kasserine, Prégabaline;25/12/2025;https://kapitalis.com/tunisie/2025/12/25/saisie-330-000-comprimes-de-stupefiants-a-kasserine/
Douane | Saisie d’importantes quantités de drogues durant novembre & décembre;1;port de la Goulette, Bouchebka, Skhira, Tunisie, Italie, Djerba-Zarzis, Dehiba, Ras Jedir, Gênes;24/12/2025;https://kapitalis.com/tunisie/2025/12/24/douane-saisie-dimportantes-quantites-de-drogues-durant-novembre-decembre/
Tunis | Un réseau de «mules» démantelé, 627 capsules de cocaïne saisies;1;Tunis, aéroport Tunis-Carthage, aéroport Tunis, Afrique subsaharienne, Tunisiens;23/12/2025;https://kapitalis.com/tunisie/2025/12/23/tunis-un-reseau-de-mules-demantele-627-capsules-de-cocaine-saisies/
Meurtre d’un chauffeur de taxi à Kairouan lors d’un braquage;2;Marouane Guedhami, Aghlabides, Fatnassi, Kairouan;21/12/2025;https://kapitalis.com/tunisie/2025/12/21/meurtre-dun-chauffeur-de-taxi-a-kairouan-lors-dun-braquage/
Trafic de drogue | Fin de cavale pour un dealer condamné à 20 ans;1;Mosaïque FM;19/12/2025;https://kapitalis.com/tunisie/2025/12/19/trafic-de-drogue-fin-de-cavale-pour-un-dealer-condamne-a-20-ans/
Tunis | Il tue son oncle en le percutant intentionnellement avec sa voiture !;2;Tunis;13/12/2025;https://kapitalis.com/tunisie/2025/12/13/tunis-il-tue-son-oncle-en-le-percutant-intentionnellement-avec-sa-voiture/
Médenine | Enquête pour meurtre après la découverte de deux corps sans vie;2;Béni Khédache, Médenine;11/12/2025;https://kapitalis.com/tunisie/2025/12/11/medenine-enquete-pour-meurtre-apres-la-decouverte-de-deux-corps-sans-vie/
Tunis | Cinq mandats de dépôt pour trafic de drogues et blanchiment d’argent;1;Tunis, Mosaïque FM, Tunisie;09/12/2025;https://kapitalis.com/tunisie/2025/12/09/tunis-cinq-mandats-de-depot-pour-trafic-de-drogues-et-blanchiment-dargent/
Institutrice violentée à Menzel Temime | Plainte contre une mère d’élève;4;Mosaïque FM;09/12/2025;https://kapitalis.com/tunisie/2025/12/09/une-institutrice-violentee-a-menzel-temime-plainte-contre-une-mere-deleve/
Menzel Temime | Arrestation de 3 trafiquants de drogue;1;Cap Bon, Nabeul, Kelibia;09/12/2025;https://kapitalis.com/tunisie/2025/12/09/menzel-temime-arrestation-de-3-trafiquants-de-drogue/
Braquage à Kairouan | Un mineur arrêté;3;Sabra FM, Kairouan;08/12/2025;https://kapitalis.com/tunisie/2025/12/08/un-chauffeur-de-taxi-victime-dun-braquage-a-kairouan-un-mineur-arrete/
Plus de 420 kg de cannabis saisis | Un réseau international démantelé;1;Tunisie;04/12/2025;https://kapitalis.com/tunisie/2025/12/04/plus-de-420-kg-de-cannabis-saisis-un-reseau-international-demantele/
Trafic de drogue | Des peines allant jusqu’à 30 ans de prison;1;Tunis, La Goulette, Tunisie, Europe, Tunisiens;27/11/2025;https://kapitalis.com/tunisie/2025/11/27/trafic-de-drogue-des-peines-allant-jusqua-30-ans-de-prison/
Trafic d’ecstasy Gafsa | Trois dealers arrêtés;1;Tunis, Mosaïque FM, Gafsa;24/11/2025;https://kapitalis.com/tunisie/2025/11/24/trafic-decstasy-gafsa-trois-dealers-arretes/
Sousse | Démantèlement d’un réseau de trafic de drogue à Sahloul;1;District de sécurité de la ville de Sousse, Sahoul;24/11/2025;https://kapitalis.com/tunisie/2025/11/24/sousse-demantelement-dun-reseau-de-trafic-de-drogue-a-sahloul/
Série de voitures brûlées à Tunis | Un suspect arrêté;2;Tunis, Jebel Jelloud, El Kabaria, Mosaïque FM;20/11/2025;https://kapitalis.com/tunisie/2025/11/20/serie-de-voitures-brulees-a-tunis-un-suspect-arrete/
Une femme écope de 20 ans de prison pour trafic d’héroïne;1;Tunis, aéroport de Tunis-Carthage;15/11/2025;https://kapitalis.com/tunisie/2025/11/15/une-femme-ecope-de-20-ans-de-prison-pour-trafic-dheroine/
Trafic de drogue à Tunis | Saisie de 18500 comprimés de stupéfiants;1;Tunis, Carthage, Mosaïque FM;14/11/2025;https://kapitalis.com/tunisie/2025/11/14/trafic-de-drogue-a-tunis-saisie-de-18500-comprimes-de-stupefiants/
Élève agressée à Sidi Hassine | Quatre jeunes filles arrêtées;4;Mosaïque FM, Sidi Hassine;12/11/2025;https://kapitalis.com/tunisie/2025/11/12/eleve-agressee-a-sidi-hassine-quatre-jeunes-filles-arretees/
Trafic de cocaïne à Bizerte | Quatre suspects arrêtés;1;Bizerte, Afrique subsaharienne, Tunis;08/11/2025;https://kapitalis.com/tunisie/2025/11/08/trafic-de-cocaine-a-bizerte-quatre-suspects-arretes/
Tunis | Quatre individus arrêtés pour trafic de stupéfiants en milieu scolaire;1;Tunis;03/11/2025;https://kapitalis.com/tunisie/2025/11/03/tunis-quatre-individus-arretes-pour-trafic-de-stupefiants-en-milieu-scolaire/
Nabeul | Saisie de 15.000 comprimés de stupéfiant;1;Bou Argoub, Nabeul;01/11/2025;https://kapitalis.com/tunisie/2025/11/01/trafic-de-drogue-a-nabeul-saisie-de-15-000-comprimes-de-stupefiant/
Gafsa | Démantèlement d’un réseau international de trafic de voitures;1;Jawhara FM, Tunisie, Gafsa, Tunisiens;01/11/2025;https://kapitalis.com/tunisie/2025/11/01/vols-et-trafic-de-voitures-a-gafsa-demantelement-dun-reseau-international/
Meurtre à Mahdia | Arrestation de 5 membres de la famille de la victime;2;Mahdia, Mosaïque FM;31/10/2025;https://kapitalis.com/tunisie/2025/10/31/meurtre-a-mahdia-arrestation-de-5-membres-de-la-famille-de-la-victime/
Tunisie | Trafic de stupéfiants dans des bouteilles d’oxygène;1;Gabès, Prégabaline, Tunisie, Médenine;29/10/2025;https://kapitalis.com/tunisie/2025/10/29/tunisie-trafic-de-stupefiants-dans-des-bouteilles-doxygene/
Trois Subsahariens condamnés pour meurtre à Bhar Lazreg;2;Africains, La Marsa, Bhar Lazreg, Tunis;28/10/2025;https://kapitalis.com/tunisie/2025/10/28/trois-subsahariens-condamnes-pour-meurtre-a-bhar-lazreg/
Tunis | Arrestation d’un dangereux braqueur;2;Tunis, Jebel;27/10/2025;https://kapitalis.com/tunisie/2025/10/27/tunis-arrestation-dun-dangereux-braqueur/
Meurtre à la Marsa | Un suspect arrêté et placé en détention;2;Tunis, Marsa, Mosaïque FM, Bhar Lazreg, Jebel Lahmar;24/10/2025;https://kapitalis.com/tunisie/2025/10/24/meurtre-a-la-marsa-un-suspect-arrete-et-place-en-detention/
Agression à l’arme blanche à Ras Jebel | Six lycéens arrêtés;1;Jebel|Tunisie|violence, Ras Jebel;09/10/2025;https://kapitalis.com/tunisie/2025/10/09/agression-a-larme-blanche-a-ras-jebel-six-lyceens-arretes/
Trafic de stupéfiants | 25.000 comprimés saisis par la PJ de l’Ariana;1;Tunis, Ariana Ariana|police, Mosaïque FM, Ariana, Prégabaline, drogue|Tunis|Tunisie;07/10/2025;https://kapitalis.com/tunisie/2025/10/07/trafic-de-stupefiants-25-000-comprimes-saisis-par-la-pj-de-lariana/
Trafic de drogue | Une étrangère condamnée à 20 ans de prison à Tunis;1;Tunis Port, La Goulette, Tunis, drogue|Tunis|Tunisie;06/10/2025;https://kapitalis.com/tunisie/2025/10/06/trafic-de-drogue-une-etrangere-condamnee-a-20-ans-de-prison-a-tunis/
Trafic de cocaïne | Un réseau démantelé à l’Ariana;1;Tunis, Mosaïque FM, Ariana Ariana|cocaïne|drogue|réseau|trafic|Tunis|Tunisie, Ariana, El-Gorjani;29/09/2025;https://kapitalis.com/tunisie/2025/09/29/trafic-de-cocaine-un-reseau-demantele-a-lariana/
Saisie de 400 kg de cannabis dans un port de Sousse;1;Sousse, Laouina;28/09/2025;https://kapitalis.com/tunisie/2025/09/28/saisie-de-400-kg-de-cannabis-dans-un-port-de-sousse/
Un dealer arrêté près d’un établissement scolaire à Menzel Bourguiba;1;Bizerte, Menzel Bourguiba;28/09/2025;https://kapitalis.com/tunisie/2025/09/28/un-dealer-arrete-pres-dun-etablissement-scolaire-a-menzel-bourguiba/
Braquages visant des femmes | Un suspect arrêté à Tunis;3;Tunis, El-Menzah, Mosaïque FM, El Menzah;27/09/2025;https://kapitalis.com/tunisie/2025/09/27/braquages-visant-des-femmes-un-suspect-arrete-a-tunis/
Un réseau international démantelé | Arme à feu, or, argent et cannabis saisis;1;département de l’Intérieur, Sousse 1;27/09/2025;https://kapitalis.com/tunisie/2025/09/27/un-reseau-international-demantele-arme-a-feu-or-argent-et-cannabis-saisis/
Saisie de 400 kg de cannabis dans un port de Sousse;1;Sousse, Laouina;28/09/2025;https://kapitalis.com/tunisie/2025/09/28/saisie-de-400-kg-de-cannabis-dans-un-port-de-sousse/
Un dealer arrêté près d’un établissement scolaire à Menzel Bourguiba;1;Bizerte, Menzel Bourguiba;28/09/2025;https://kapitalis.com/tunisie/2025/09/28/un-dealer-arrete-pres-dun-etablissement-scolaire-a-menzel-bourguiba/
Braquages visant des femmes | Un suspect arrêté à Tunis;3;Tunis, El-Menzah, Mosaïque FM, El Menzah;27/09/2025;https://kapitalis.com/tunisie/2025/09/27/braquages-visant-des-femmes-un-suspect-arrete-a-tunis/
Un réseau international démantelé | Arme à feu, or, argent et cannabis saisis;1;département de l’Intérieur, Sousse 1;27/09/2025;https://kapitalis.com/tunisie/2025/09/27/un-reseau-international-demantele-arme-a-feu-or-argent-et-cannabis-saisis/
Trafic de cocaïne | Un réseau démantelé à El-Mourouj;1;Tunis, El-Mourouj, El Mourouj, Mosaïque FM;23/09/2025;https://kapitalis.com/tunisie/2025/09/23/trafic-de-cocaine-un-reseau-demantele-a-el-mourouj/
Braquage dans un bureau de change à Borj Louzir | Un suspect arrêté;3;change|Tunis|Tunisie, Borj Louzir, Ariana, Mosaïque FM;20/09/2025;https://kapitalis.com/tunisie/2025/09/20/braquage-dans-un-bureau-de-change-a-borj-louzir-un-suspect-arrete/
Ariana | Braquage dans un bureau de change à Borj Louzir;3;Tunis, Mosaïque FM, Borj Louzir, Borj Louzir Borj Louzir|braquage|bureau, Ariana;19/09/2025;https://kapitalis.com/tunisie/2025/09/19/ariana-braquage-dans-un-bureau-de-change-a-borj-louzir/
La Goulette | Un voyageur arrêté avec 15 plaques de cannabis;1;Goulette|port|Rome|Tunisie, port de Rome, Tunis, La Goulette;17/09/2025;https://kapitalis.com/tunisie/2025/09/17/la-goulette-un-voyageur-arrete-avec-15-plaques-de-cannabis/
Braquage d’une banque à Boumhel | Le suspect principal en détention;3;Tunis, Mosaïque FM, Boumhel;15/09/2025;https://kapitalis.com/tunisie/2025/09/15/braquage-dune-banque-a-boumhel-le-suspect-principal-en-detention/
Un forcené tunisien abattu à Marseille;2;France, Marseille, quartier Belsunce, Bessone|Tunisien;03/09/2025;https://kapitalis.com/tunisie/2025/09/03/un-forcene-tunisien-abattu-a-marseille/
Réseau de cocaïne et d’ecstasy démantelé en Tunisie (Vidéo);1;La Goulette, Tunis, Tunisie, Mahdia, département de l’Intérieur;30/08/2025;https://kapitalis.com/tunisie/2025/08/30/tunisie-cocaine-ecstasy-un-reseau-international-demantele-video/
Kasserine | Une femme arrêtée pour le meurtre présumé de sa voisine;2;Kasserine, procureur de la République;30/08/2025;https://kapitalis.com/tunisie/2025/08/30/kasserine-une-femme-arretee-pour-le-meurtre-presume-de-sa-voisine/
Enquête à Douar Hicher | Un homme retrouvé mort chez lui;2;Douar;29/08/2025;https://kapitalis.com/tunisie/2025/08/29/enquete-a-douar-hicher-un-homme-retrouve-mort-chez-lui/
Tunis | Voitures caillassées à Ibn Sina : Huit suspects arrêtés;2;Tunis, Mosaïque FM, Sina|jets;28/08/2025;https://kapitalis.com/tunisie/2025/08/28/tunis-voitures-caillassees-a-ibn-sina-huit-suspects-arretes/
Sousse | Enquête sur le meurtre d’un migrant subsaharien;2;Afrique subsaharienne, Sousse, subsaharienne|migrant|Sousse, Sousse-ville, Sousse 1;25/08/2025;https://kapitalis.com/tunisie/2025/08/25/sousse-enquete-sur-le-meurtre-dun-migrant-subsaharien/
Meurtre à Laouina | Trois mandats de dépôt, l’enquête se poursuit;2;Tunis, Laouina;09/08/2025;https://kapitalis.com/tunisie/2025/08/09/meurtre-a-laouina-trois-mandats-de-depot-lenquete-se-poursuit/
Les dessous de la libération de Mohamed Ali Al-Bouzidi;1;Mahdia, Sahel, district de la Sûreté nationale de Nabeul;08/08/2025;https://kapitalis.com/tunisie/2025/08/08/les-dessous-de-la-liberation-de-mohamed-ali-al-bouzidi/
Arrêtée avec 4 kg de cocaïne, une étrangère condamnée à 12 ans ferme;1;Tunis, port de la Goulette, cocaïne|Port;04/08/2025;https://kapitalis.com/tunisie/2025/08/04/arretee-avec-4-kg-de-cocaine-une-etrangere-condamnee-a-12-ans-ferme/
Un homme attaqué par 9 chiens à Gabès | Le propriétaire placé en garde à vue;2;blessures|chiens|Gabès|pitbulls|Tunisie, Gabès, hôpital régional de Gabès, Mosaïque FM;29/07/2025;https://kapitalis.com/tunisie/2025/07/29/un-homme-attaque-par-9-chiens-a-gabes-le-proprietaire-place-en-garde-a-vue/
Tunisie | Le rappeur A.L.A visé par un mandat de dépôt;1;Mosaïque FM, A.L.A|drogue|mandat, Tunisie;28/07/2025;https://kapitalis.com/tunisie/2025/07/28/tunisie-le-rappeur-a-l-a-vise-par-un-mandat-de-depot/
Tunisie | Le rappeur A.L.A de nouveau arrêté pour possession de drogue;1;Tataouine, A.L.A|cannabis|Tataouine, Tunisie;26/07/2025;https://kapitalis.com/tunisie/2025/07/26/tunisie-le-rappeur-a-l-a-de-nouveau-arrete-pour-possession-de-drogue/
Douane tunisienne | Saisie de 43 kg de cocaïne à Sfax (Vidéo);1;Skhira, Regueb, Sfax;01/07/2025;https://kapitalis.com/tunisie/2025/07/01/douane-tunisienne-saisie-de-43-kg-de-cocaine-a-sfax-video/
Ghardimaou | Une voyageuse arrêtée avec 3800 comprimés de stupéfiants;1;Jendouba, Ghardimaou, Douane tunisienne;30/06/2025;https://kapitalis.com/tunisie/2025/06/30/ghardimaou-une-voyageuse-arretee-avec-3800-comprimes-de-stupefiants/
Deux étrangers condamnés à 40 ans ferme pour trafic international de drogue;1;Tunis;28/06/2025;https://kapitalis.com/tunisie/2025/06/28/deux-etrangers-condamnes-a-40-ans-ferme-pour-trafic-international-de-drogue/
Meurtre à Monastir | Un homme brûlé vif par son épouse pendant son sommeil !;2;Monastir, Mosaïque FM;25/06/2025;https://kapitalis.com/tunisie/2025/06/25/meurtre-a-monastir-un-homme-brule-vif-par-son-epouse-pendant-son-sommeil/
Ras Jedir | Douane : Saisie de 22.000 comprimés d’ecstasy et 2,2 kg de cocaïne;1;;23/06/2025;https://kapitalis.com/tunisie/2025/06/23/ras-jedir-douane-saisie-de-22-000-comprimes-decstasy-et-22-kg-de-cocaine/
Meurtre de l’avocate Mongia Mannai | Le fils arrêté en Allemagne;2;Tunis, Mosaïque FM, procureur de la, Tunisie, Allemagne, La Manouba, République, Manouba;18/06/2025;https://kapitalis.com/tunisie/2025/06/18/meurtre-de-lavocate-mongia-mannai-le-fils-arrete-en-allemagne/
Port de la Goulette | Un voyageur arrêté avec 10.000 comprimés d’ecstasy;1;port de la Goulette, Tunis, Tunisie, Port de la Goulette, Marseille;04/06/2025;https://kapitalis.com/tunisie/2025/06/04/port-de-la-goulette-un-voyageur-arrete-avec-10-000-comprimes-decstasy/
Un Tunisien victime d’un crime raciste en France;2;Puget-sur-Argens, France, Var, B.(agences, Tunisien, Draguignan;02/06/2025;https://kapitalis.com/tunisie/2025/06/02/un-tunisien-victime-dun-crime-raciste-en-france/
Trafic de cocaïne à Tunis | Trois étrangers condamnés à 21 ans ferme;1;Tunis, La Goulette;24/05/2025;https://kapitalis.com/tunisie/2025/05/24/trafic-de-cocaine-a-tunis-trois-etrangers-condamnes-a-21-ans-ferme/
Décès de Abir Jebali par balle au Kef │ Meurtre ou suicide ?;2;Haouami, Bayadh, Kef, Yousri Haouami;24/05/2025;https://kapitalis.com/tunisie/2025/05/24/deces-de-abir-jebali-par-balle-au-kef-%e2%94%82-meurtre-ou-suicide/
La Goulette | Saisie de 5.000 comprimés d’ecstasy dissimulés dans un jouet !;1;La Goulette, Gênes, Italie, Tunis;23/05/2025;https://kapitalis.com/tunisie/2025/05/23/la-goulette-saisie-de-5-000-comprimes-decstasy-dissimules-dans-un-jouet/
Douane | Saisie de 2.5 kg de marijuana à l’aéroport de Tunis-Carthage;1;aéroport de Tunis-Carthage aéroport|contrebande|douane, aéroport international de Tunis-Carthage, Carthage|Tunisie;22/05/2025;https://kapitalis.com/tunisie/2025/05/22/douane-saisie-de-2-5-kg-de-marijuana-a-laeroport-de-tunis-carthage/
Trafic de drogue à La Marsa | Arrestation d’un dealer lié à un réseau international;1;La Marsa;16/05/2025;https://kapitalis.com/tunisie/2025/05/16/trafic-de-drogue-a-la-marsa-arrestation-dun-dealer-lie-a-un-reseau-international/
Saisie massive de cannabis & d’ecstasy | Deux réseaux internationaux démantelés à Ben Arous;1;Mornag, Tunisie, Hammam-Lif, Boumhal;15/05/2025;https://kapitalis.com/tunisie/2025/05/15/saisie-massive-de-cannabis-decstasy-deux-reseaux-internationaux-demanteles-a-ben-arous/
Trafic de drogue | Des peines de 15 à 20 ans pour des membres d’un réseau international;1;La Goulette, arrêtéS, Tunis;13/05/2025;https://kapitalis.com/tunisie/2025/05/13/trafic-de-drogue-des-peines-de-15-a-20-ans-pour-des-membres-dun-reseau-international/
De nouveaux témoins entendus dans l’affaire du meurtre de Me Mongia Mannai;2;Tunis, La Manouba, Manouba;09/05/2025;https://kapitalis.com/tunisie/2025/05/09/de-nouveaux-temoins-entendus-dans-laffaire-du-meurtre-de-me-mongia-mannai/
El-Menzah 6 | Un individu arrêté pour harcèlement et menace d’une femme avec une arme blanche;3;El Menzah 6, Ariana, El-Menzah, Ras Tabia;06/05/2025;https://kapitalis.com/tunisie/2025/05/06/el-menzah-6-un-individu-arrete-pour-harcelement-et-menace-dune-femme-avec-une-arme-blanche/
Tunis | Un ado de 16 ans condamné à 5 ans de prison pour meurtre;2;Tunis, gouvernorat de Manouba, Douar;05/05/2025;https://kapitalis.com/tunisie/2025/05/05/tunis-un-ado-de-16-ans-condamne-a-5-ans-de-prison-pour-meurtre/
La Marsa | Arrestation d’un dealer de cocaïne opérant à Gammarth;1;Tunis, La Marsa, Gammarth;04/05/2025;https://kapitalis.com/tunisie/2025/05/04/la-marsa-arrestation-dun-dealer-de-cocaine-operant-a-gammarth/
Sousse | Retour sur le meurtre d’un jeune homme à Akouda (DGSN);2;Sousse | Retour sur le meurtre, Sousse-nord, Akouda|crime|meurtre|Sousse|Tunisie;02/05/2025;https://kapitalis.com/tunisie/2025/05/02/sousse-retour-sur-le-meurtre-dun-jeune-homme-a-akouda-dgsn/
L’auteur présumé du meurtre d’Akouda arrêté à Tunis;2;Tunis, Sahloul, Sousse 2, district de Sousse;01/05/2025;https://kapitalis.com/tunisie/2025/05/01/lauteur-presume-du-meurtre-dakouda-arrete-a-tunis/
Trafic de cocaïne | Un dealer arrêté à Kairouan;1;Kairouan;29/04/2025;https://kapitalis.com/tunisie/2025/04/29/trafic-de-cocaine-un-dealer-arrete-a-kairouan/
Du nouveau sur le meurtre de l’avocate Mongia Mannai à Manouba;2;Tunis, Chabaou, El Omrane, Oued Ellil, Manouba, cimetière Sidi Yahia;29/04/2025;https://kapitalis.com/tunisie/2025/04/29/du-nouveau-sur-le-meurtre-de-lavocate-mongia-mannai-a-manouba/
Avocate tuée à La Manouba | Trois suspects arrêtés;2;La Manouba, Mosaïque FM, La Manouba | Trois suspects, procureur de la République;28/04/2025;https://kapitalis.com/tunisie/2025/04/28/avocate-tuee-a-la-manouba-trois-suspects-arretes/
Arrestation d’un couple de trafiquants de drogue à Kairouan;1;République, Kairouan;28/04/2025;https://kapitalis.com/tunisie/2025/04/28/arrestation-dun-couple-de-trafiquants-de-drogue-a-kairouan/
France | Meurtre dans une mosquée du Gard;2;France, département du Gard, la France, Gard, du Gard, Lyon, Paris, La Grand-Combe;28/04/2025;https://kapitalis.com/tunisie/2025/04/28/france-meurtre-dans-une-mosquee-du-gard/
Une avocate tuée et brûlée à Manouba;2;Tunis, Manouba, hôpital Charles-Nicole de Tunis;27/04/2025;https://kapitalis.com/tunisie/2025/04/27/une-avocate-tuee-et-brulee-a-manouba/
Braquage à l’arme blanche dans une pâtisserie à Nabeul | Le suspect arrêté;3;blanche|braquage|Nabeul|subsaharien|Tunisie, district de Nabeul, Nabeul;24/04/2025;https://kapitalis.com/tunisie/2025/04/24/braquage-a-larme-blanche-dans-une-patisserie-a-nabeul-le-suspect-arrete/
Sidi Hassine | Un élève agressé à l’arme blanche par son camarade devant le lycée;4;Tunis, Sidi Hassine, Hassine|Tunisie|violences;22/04/2025;https://kapitalis.com/tunisie/2025/04/22/sidi-hassine-un-eleve-agresse-a-larme-blanche-par-son-camarade-devant-le-lycee/
Tunisie | Trafic de drogue : La DGGN lance un appel à témoins urgent (Photos);1;Tunisie, Bouhssina, Sousse, témoins|dealers|DGGN|garde nationale|Sousse|stupéfiants|trafic, Khzema Est;22/04/2025;https://kapitalis.com/tunisie/2025/04/22/tunisie-trafic-de-drogue-la-dggn-lance-un-appel-a-temoins-urgent-photos/
Touriste agressée à l’arme blanche à Djerba | L’agresseur rapidement arrêté;2;blanche|touriste|Tunisie, Mosaïque FM, procureur de la République, Médenine, Djerba;22/04/2025;https://kapitalis.com/tunisie/2025/04/22/touriste-agressee-a-larme-blanche-a-djerba-lagresseur-rapidement-arrete/
Meurtre d’une jeune femme à Gabès | Huit mandats de dépôt;2;Gabès, Mosaïque FM;21/04/2025;https://kapitalis.com/tunisie/2025/04/21/meurtre-dune-jeune-femme-a-gabes-huit-mandats-de-depot/
Tunisie | Saisie record d’un million de comprimés d’ecstasy d’une valeur de 40 MD;1;Nabeul, Tunisie;19/04/2025;https://kapitalis.com/tunisie/2025/04/19/tunisie-saisie-record-dun-million-de-comprimes-decstasy-dune-valeur-de-40-md/
Tunis-Carthage | Un voyageur étranger arrêté avec 16 kg de drogue;1;Tunis, aéroport de Tunis-Carthage, aéroport|drogue|marijuana|Tunis-Carthage|Tunisie|voyageur;17/04/2025;https://kapitalis.com/tunisie/2025/04/17/tunis-carthage-un-voyageur-etranger-arrete-avec-16-kg-de-drogue/
Série de vols dans des voitures à Nabeul | Un mineur arrêté;3;Nabeul;17/04/2025;https://kapitalis.com/tunisie/2025/04/17/serie-de-vols-dans-des-voitures-a-nabeul-un-mineur-arrete/
Meurtre à Gabès | L’enquête révèle l’implication de 14 personnes;2;Gabès;16/04/2025;https://kapitalis.com/tunisie/2025/04/16/meurtre-a-gabes-lenquete-revele-limplication-de-14-personnes/
Du nouveau dans l’affaire du meurtre d’un jeune dans le parking de Tunis City;2;Ariana, Tunis City;15/04/2025;https://kapitalis.com/tunisie/2025/04/15/du-nouveau-dans-laffaire-du-meurtre-dun-jeune-dans-le-parking-de-tunis-city/
Trafic de drogue à Rafraf | Deux cultivateurs de pavot arrêtés, des armes saisies;1;Rafraf, Ras Jebel, Parquet de Bizerte;14/04/2025;https://kapitalis.com/tunisie/2025/04/14/trafic-de-drogue-a-rafraf-deux-cultivateurs-de-pavot-arretes-des-armes-saisies/
Arrestation des meurtriers présumés du jeune homme dans le parking de Tunis City;2;Ariana, Tunis City;14/04/2025;https://kapitalis.com/tunisie/2025/04/14/arrestation-des-meurtriers-presumes-du-jeune-homme-dans-le-parking-de-tunis-city/
Arrestation d’un livreur trafiquant de drogue à La Marsa;1;La Marsa, La Marsa Ouest, Gammarth, La Marsa Est;13/04/2025;https://kapitalis.com/tunisie/2025/04/13/arrestation-dun-livreur-trafiquant-de-drogue-a-la-marsa/
Vaste coup de filet sécuritaire à Tunis : 72 délinquants arrêtés;1;Tunis, Criminalité|délinquant|drogue|opération, Tunisie, département de l’Intérieur;11/04/2025;https://kapitalis.com/tunisie/2025/04/11/vaste-coup-de-filet-securitaire-a-tunis-72-delinquants-arretes/
Un livreur arrêté pour trafic de drogue entre Carthage et La Marsa;1;Carthage, La Marsa, livraison|Tunis|Tunisie, Tunis;11/04/2025;https://kapitalis.com/tunisie/2025/04/11/un-livreur-arrete-pour-trafic-de-drogue-entre-carthage-et-la-marsa/
Un homme tué par balle lors d’une dispute à Sidi Bouzid;2;Bouzid|tué, Mosaïque FM;10/04/2025;https://kapitalis.com/tunisie/2025/04/10/un-homme-tue-par-balle-lors-dune-dispute-a-sidi-bouzid-une-enquete-ouverte/
Trafic de drogue à La Marsa | Un réseau démantelé;1;Tunis, La Marsa, Marsa, Marsa|trafic|Tunis|Tunisie;08/04/2025;https://kapitalis.com/tunisie/2025/04/08/trafic-de-drogue-a-la-marsa-un-reseau-demantele/
Vaste opération antidrogue | Des têtes de réseau arrêtées (DGGN);1;Sousse, Nabeul, Kairouan;08/04/2025;https://kapitalis.com/tunisie/2025/04/08/vaste-operation-antidrogue-des-tetes-de-reseau-arretees-dggn/
Monastir | Le voleur du sac d’une touriste arrêté;3;Monastir;06/04/2025;https://kapitalis.com/tunisie/2025/04/06/monastir-le-voleur-du-sac-dune-touriste-arrete/
Trafic de drogue en famille | Deux frères arrêtés à Menzel Temime;1;gouvernorat de Nabeul;05/04/2025;https://kapitalis.com/tunisie/2025/04/05/trafic-de-drogue-en-famille-deux-freres-arretes-a-menzel-temime/
Douane | Un étranger arrêté en possession de cocaïne au poste frontalier de Bouchebka;1;Bouchebka, Bouchebka Bouchebka|cocaïne|douane, frontière algéro-tunisienne;03/04/2025;https://kapitalis.com/tunisie/2025/04/03/douane-un-etranger-arrete-en-possession-de-cocaine-au-poste-frontalier-de-bouchebka/
Trafic de cocaïne dans les restaurants et discothèques de Gammarth | Un réseau démantelé;1;Tunis, Marsa, Gammarth, cocaïnes, La Marsa;03/04/2025;https://kapitalis.com/tunisie/2025/04/03/trafic-de-cocaine-dans-les-restaurants-et-discotheques-de-gammarth-un-reseau-demantele/
Un réseau de trafic d’armes et de drogues démantelé à Kasserine;1;Kasserine;02/04/2025;https://kapitalis.com/tunisie/2025/04/02/un-reseau-de-trafic-darmes-et-de-drogues-demantele-a-kasserine/
Garde nationale | 3,6 kg de cocaïne et 97 plaques de cannabis saisis, 11 suspects arrêtés;1;Kasserine, Sousse, Grand Tunis, Monastir;01/04/2025;https://kapitalis.com/tunisie/2025/04/01/garde-nationale-36-kg-de-cocaine-et-97-plaques-de-cannabis-saisis-11-suspects-arretes/
Tataouine | De la cocaïne saisie à bord d’un véhicule immatriculé à l’étranger (Douane);1;Tataouine, Douane;29/03/2025;https://kapitalis.com/tunisie/2025/03/29/tataouine-de-la-cocaine-saisie-a-bord-dun-vehicule-immatricule-a-letranger-douane/
Mellassine | 3 kg de cannabis saisis, 3 dealers arrêtés;1;Mellassine, Tunis;28/03/2025;https://kapitalis.com/tunisie/2025/03/28/mellassine-3-kg-de-cannabis-saisis-3-dealers-arretes/
Trafic de drogue à Sousse | Une femme arrêtée avec 62.200 comprimés de stupéfiants;1;Sousse, de Sousse;27/03/2025;https://kapitalis.com/tunisie/2025/03/27/trafic-de-drogue-a-sousse-une-femme-arretee-avec-62-200-comprimes-de-stupefiants/
Un policier agressé à Ksar Saïd | La mère en détention, le fils recherché;4;Ksar Saïd;22/03/2025;https://kapitalis.com/tunisie/2025/03/22/un-policier-agresse-a-ksar-said-la-mere-en-detention-le-fils-recherche/
Tunis | Un trafiquant de cocaïne arrêté à la Cité Ezzouhour;1;Tunis, Cité Ezzouhour, Cité Ezzouhour Cité Ezzouhour|cocaïne|DGSN|drogue|Grand, Grand-Tunis;21/03/2025;https://kapitalis.com/tunisie/2025/03/21/tunis-cite-ezzouhour-un-trafiquant-de-cocaine-arrete/
Série de vols de motos à Mateur | Un réseau criminel démantelé;1;Gazala;20/03/2025;https://kapitalis.com/tunisie/2025/03/20/serie-de-vols-de-motos-a-mateur-un-reseau-criminel-demantele/
Féminicide à Tebourba | Mandat de dépôt contre l’époux de la victime;2;procureur de la République, Tebourba, Féminicide, Manouba, gouvernorat de la Manouba;19/03/2025;https://kapitalis.com/tunisie/2025/03/19/feminicide-a-tebourba-mandat-de-depot-contre-lepoux-de-la-victime/
Tunis | Le rappeur Samara visé par un nouveau mandat de dépôt, sa famille hors de cause;1;Tunis, Mosaïque FM, Samara;18/03/2025;https://kapitalis.com/tunisie/2025/03/18/tunis-le-rappeur-samara-vise-par-un-nouveau-mandat-de-depot-sa-famille-hors-de-cause/
Braquage d’une banque à Akouda | Le suspect arrêté, une partie du butin récupérée;3;Akouda|Banque|braquage|braqueur|Sousse|Tunisie, Sousse, Sousse Nord, Akouda, Sousse 2, paris;18/03/2025;https://kapitalis.com/tunisie/2025/03/18/braquage-dune-banque-a-akouda-le-suspect-arrete-une-partie-du-butin-recuperee/
Trafic de drogue en famille : Trois frères arrêtés à Moknine;1;gouvernorat de Monastir, Moknine;17/03/2025;https://kapitalis.com/tunisie/2025/03/17/trafic-de-drogue-en-famille-trois-freres-arretes-a-moknine/
Tunisie | Un couple arrêté au Kram pour trafic de drogue;1;Kram, Tunis, La Goulette, Tunisie, Kram Ouest, Carthage, Carthage Byrsa;15/03/2025;https://kapitalis.com/tunisie/2025/03/15/tunisie-un-couple-arrete-au-kram-pour-trafic-de-drogue/
Le rappeur Samara aurait entraîné sa sœur dans une affaire de drogue;1;Tunis, Tunisie, Jebabli|Menzel, Bizerte, Samara, Laouina, Emirats arabes unis;14/03/2025;https://kapitalis.com/tunisie/2025/03/14/le-rappeur-samara-aurait-entraine-sa-soeur-dans-une-affaire-drogue/
Un délinquant récidiviste objet de 44 avis de recherche arrêté à Sousse;1;Sousse, Sousse 1;13/03/2025;https://kapitalis.com/tunisie/2025/03/13/un-delinquant-recidiviste-objet-de-44-avis-de-recherche-arrete-a-sousse/
Trafic de drogue démantelé | Sept dealers arrêtés à Sousse et à Sfax;1;Sousse 2, Sousse, Sfax, Sfax 1;12/03/2025;https://kapitalis.com/tunisie/2025/03/12/trafic-de-drogue-demantele-sept-dealers-arretes-a-sousse-et-a-sfax/
Grand-Tunis | 5 arrestations et saisie de 76.000 comprimés de stupéfiants (Vidéo);1;El-Mrouj, Cité Ennasr, Ksar Saïd, El-Omrane Supérieur, Cité Ettadhamen|DGGN|drogue|Grand-Tunis|stupéfiants|trafic|Tunisie, Grand-Tunis, Cité Ettadhamen;10/03/2025;https://kapitalis.com/tunisie/2025/03/10/grand-tunis-5-arrestations-et-saisie-de-76-000-comprimes-de-stupefiants-video/
Bizerte | Une femme arrêtée avec 2 kg de cocaïne;1;Bizerte;10/03/2025;https://kapitalis.com/tunisie/2025/03/10/bizerte-une-femme-arretee-avec-2-kg-de-cocaine/
El-Amra | Arrestation d’un Subsaharien impliqué dans un trafic de drogue;1;El-Amra, Jebeniana, Sfax;08/03/2025;https://kapitalis.com/tunisie/2025/03/08/el-amra-arrestation-dun-subsaharien-implique-dans-un-trafic-de-drogue/
Trafic de drogue à Sousse | Une femme arrêtée, son époux en fuite;1;Sousse-Sud, Sousse;04/03/2025;https://kapitalis.com/tunisie/2025/03/04/trafic-de-drogue-a-sousse-une-femme-arretee-son-epoux-en-fuite/
Moknine | Un dealer recherché cachait la drogue chez… sa voisine âgée;1;Monastir, Moknine;03/03/2025;https://kapitalis.com/tunisie/2025/03/03/moknine-un-dealer-recherche-cachait-la-drogue-chez-sa-voisine-agee/
Arrestation du chauffeur de taxi qui a agressé un homme au Bardo;4;Khaznadar, Bardo;03/03/2025;https://kapitalis.com/tunisie/2025/03/03/arrestation-du-chauffeur-de-taxi-qui-a-agresse-un-homme-au-bardo/
Un voyageur arrêté avec 6,6 kg de cocaïne au poste frontalier de Dhehiba;1;Dhehiba, Tunisie;03/03/2025;https://kapitalis.com/tunisie/2025/03/03/un-voyageur-arrete-avec-66-kg-de-cocaine-au-poste-frontalier-de-dhehiba/
Sousse | De la cocaïne et 3000 comprimés de stupéfiant saisis chez des dealers;1;Sousse;01/03/2025;https://kapitalis.com/tunisie/2025/03/01/sousse-de-la-cocaine-et-3000-comprimes-de-stupefiant-saisis-chez-des-dealers/
Sousse | Un kilo de cocaïne saisi chez un dealer;1;Sousse;28/02/2025;https://kapitalis.com/tunisie/2025/02/28/sousse-un-kilo-de-cocaine-saisi-chez-un-dealer/
Opérations sécuritaires à Sousse et à Nabeul | 256 délinquants arrêtés;1;Sousse, Nabeul;27/02/2025;https://kapitalis.com/tunisie/2025/02/27/operations-securitaires-a-sousse-et-a-nabeul-256-delinquants-arretes/
Trafic de drogue | 3 kg de cannabis et 500 g de cocaïne saisis à Sousse;1;Sousse, gouvernorat de Sousse;27/02/2025;https://kapitalis.com/tunisie/2025/02/27/trafic-de-drogue-3-kg-de-cannabis-et-500-g-de-cocaine-saisis-a-sousse/
Un couple arrêté pour trafic de drogue à Hammam Sousse;1;Hammam Sousse, Sousse;26/02/2025;https://kapitalis.com/tunisie/2025/02/26/un-couple-arrete-pour-trafic-de-drogue-a-hammam-sousse/
Douane | Saisie de 96 kg de cannabis à l’aéroport de Tunis-Carthage;1;aéroport de Tunis-Carthage, Carthage|Tunisie;26/02/2025;https://kapitalis.com/tunisie/2025/02/26/douane-saisie-de-96-kg-de-cannabis-a-laeroport-de-tunis-carthage/
Trafic de drogue à La Marsa | Un délinquant arrêté;1;La Marsa, Marsa;24/02/2025;https://kapitalis.com/tunisie/2025/02/24/trafic-de-drogue-a-la-marsa-un-delinquant-arrete/
Opérations sécuritaires à Kairouan et dans le Grand-Tunis | 420 délinquants arrêtés (MI);1;département de l’Intérieur, Grand-Tunis, Kairouan;22/02/2025;https://kapitalis.com/tunisie/2025/02/22/operations-securitaires-a-kairouan-et-dans-le-grand-tunis-420-delinquants-arretes-mi/
Série de vols dans des voitures aux Jardins de Carthage | Un récidiviste arrêté;3;Jardins de Carthage;22/02/2025;https://kapitalis.com/tunisie/2025/02/22/serie-de-vols-dans-des-voitures-aux-jardins-de-carthage-un-recidiviste-arrete/
Trafic de drogue en milieu scolaire | Deux dealers arrêtés à Monastir;1;Monastir arrestation|dealer|drogue|Monastir|scolaire|trafic|Tunisie, Monastir;20/02/2025;https://kapitalis.com/tunisie/2025/02/20/trafic-de-drogue-en-milieu-scolaire-deux-dealers-arretes-a-monastir/
Série de cambriolages aux Berges du Lac | Le suspect principal arrêté;3;Tunis, Berges du Lac, Berges du Lac de Tunis, Berges, Ariana;18/02/2025;https://kapitalis.com/tunisie/2025/02/18/serie-de-cambriolages-aux-berges-du-lac-le-suspect-principal-arrete/
Trafic de drogue | Une femme, son fils et son amie arrêtés à Sousse;1;Sousse, Sousse Nord, Parquet de Sousse;17/02/2025;https://kapitalis.com/tunisie/2025/02/17/trafic-de-drogue-une-femme-son-fils-et-son-amie-arretes-a-sousse/
Trafic de drogue dans un collège à La Marsa | Un élève et son père arrêtés;1;Tunis, La Marsa, Marsa, Marsa|trafic|Tunisie;17/02/2025;https://kapitalis.com/tunisie/2025/02/17/trafic-de-drogue-dans-un-college-a-la-marsa-un-eleve-et-son-pere-arretes/
Saisie de 3000 comprimés de stupéfiant chez un dealer à Tunis;1;Tunis, Sidi Hassine;15/02/2025;https://kapitalis.com/tunisie/2025/02/15/saisie-de-3000-comprimes-de-stupefiant-chez-un-dealer-a-tunis/
Trafic de cocaïne : Démantèlement d’un réseau opérant entre la Tunisie et l’Europe (Vidéo);1;Bizerte, Manzel Abderrahmen, Tunisie, Europe;14/02/2025;https://kapitalis.com/tunisie/2025/02/14/trafic-de-cocaine-demantelement-dun-reseau-operant-entre-la-tunisie-et-leurope-video/
Meurtre à Kairouan : Le suspect principal arrêté;2;Mosaïque FM, Kairouan;13/02/2025;https://kapitalis.com/tunisie/2025/02/13/meurtre-a-kairouan-le-suspect-principal-arrete/
Trafic en famille : Deux frères arrêtés avec 1,5 kg de marijuana à Tunis;1;Tunis, Tunis Cité Intilaka|drogue|marijuana|trafic|Tunis|Tunisie, Intilaka;13/02/2025;https://kapitalis.com/tunisie/2025/02/13/trafic-en-famille-deux-freres-arretes-avec-15-kg-de-marijuana-a-tunis/
Près d’une tonne de corail, 1 kg d’or et des devises saisis à Bizerte;1;Bizerte;11/02/2025;https://kapitalis.com/tunisie/2025/02/11/pres-dune-tonne-de-corail-1-kg-dor-et-des-devises-saisis-a-bizerte/
Tunis-Carthage : Une voyageuse arrêtée avec plus de 6 kg de cocaïne;1;Tunis, Carthage, aéroport de Tunis-Carthage, Tunisie;07/02/2025;https://kapitalis.com/tunisie/2025/02/07/tunis-carthage-une-voyageuse-arretee-avec-plus-de-6-kg-de-cocaine/
Poste frontalier de Melloula : Saisie de 4500 comprimés d’ecstasy;1;Melloula, Algérie, Tabarka, Jendouba;07/02/2025;https://kapitalis.com/tunisie/2025/02/07/poste-frontalier-de-melloula-saisie-de-4500-comprimes-decstasy/
Séquestration sous la menace d’armes à la Marsa : Trois suspects arrêtés;3;Marsa, La Marsa;06/02/2025;https://kapitalis.com/tunisie/2025/02/06/sequestration-sous-la-menace-darmes-a-la-marsa-trois-suspects-arretes/
Tunisie : A propos du drame de Lamta, où un fils a tué sa mère !;2;Monastir, Lamta, Tunisie, Mahdia;04/02/2025;https://kapitalis.com/tunisie/2025/02/04/tunisie-a-propos-du-drame-de-lamta-ou-un-fils-a-tue-sa-mere/
Tunis : Le rappeur Samara reste sous le coup du mandat de dépôt;1;Tunis, Mosaïque FM, Samara;04/02/2025;https://kapitalis.com/tunisie/2025/02/04/tunis-le-rappeur-samara-reste-sous-le-coup-du-mandat-de-depot/
Trafic d’héroïne à Denden : Quatre dealers arrêtés;1;La Manouba, Grand-Tunis, Denden;03/02/2025;https://kapitalis.com/tunisie/2025/02/03/trafic-dheroine-a-denden-quatre-dealers-arretes/
Trafic de cocaïne : Un réseau opérant dans le Grand-Tunis démantelé;1;Aïn Zaghouan|cité Helal|cocaïne|El, Aïn Zaghouan, Grand-Tunis, Jebel Lahmar, El-Mourouj, Cité Helal;31/01/2025;https://kapitalis.com/tunisie/2025/01/31/trafic-de-cocaine-un-reseau-operant-dans-le-grand-tunis-demantele/
Trafic de drogue : Arrestation de 2 dealers opérant entre la Marsa et Gammarth;1;Tunis, Marsa, Gammarth;30/01/2025;https://kapitalis.com/tunisie/2025/01/30/trafic-de-drogue-arrestation-de-2-dealers-operant-entre-la-marsa-et-gammarth/
Monastir : Deux délinquants recherchés, arrêtés après un braquage;3;Monastir;29/01/2025;https://kapitalis.com/tunisie/2025/01/29/monastir-deux-delinquants-recherches-arretes-apres-un-braquage/
Tunis : Un célèbre rappeur, principal suspect dans un réseau de trafic de drogue (DGGN);1;Tunis, Laouina;29/01/2025;https://kapitalis.com/tunisie/2025/01/29/tunis-un-celebre-rappeur-principal-suspect-dans-un-reseau-de-trafic-de-drogue-dggn/
Trafic de drogue : Une femme membre d’un réseau international arrêtée à Msaken;1;international|Sousse|Tunisie, Sousse, Msaken;27/01/2025;https://kapitalis.com/tunisie/2025/01/27/trafic-de-drogue-une-femme-membre-dun-reseau-international-arretee-a-msaken/
Kairouan : Un nouveau suspect dans un meurtre commis il y a 24 ans;2;Sbikha, procureur de la République, Kairouan;27/01/2025;https://kapitalis.com/tunisie/2025/01/27/kairouan-un-nouveau-suspect-dans-un-meurtre-commis-il-y-a-24-ans/
Trafic de drogue aux alentours d’un lycée : Un dealer arrêté à Laouina;1;Laouina;21/01/2025;https://kapitalis.com/tunisie/2025/01/21/trafic-de-drogue-aux-alentours-dun-lycee-un-dealer-arrete-a-laouina/
Série de cambriolages à La Manouba : Le suspect principal arrêté;3;La Manouba, Tébourba;21/01/2025;https://kapitalis.com/tunisie/2025/01/21/serie-de-cambriolages-a-la-manouba-le-suspect-principal-arrete/
Moknine : Un dealer arrêté en possession de 2000 comprimés de stupéfiants;1;Moknine;20/01/2025;https://kapitalis.com/tunisie/2025/01/20/moknine-un-dealer-arrete-en-possession-de-2000-comprimes-de-stupefiants/
Une femme et son fils tués à Gafsa : L’époux placé en garde à vue;2;Chaabane Hajlaoui, Zannouch, Gafsa;20/01/2025;https://kapitalis.com/tunisie/2025/01/20/une-femme-et-son-fils-tues-a-gafsa-lepoux-place-en-garde-a-vue/
Trafic de cocaïne : Un réseau opérant entre Kairouan et Sousse démantelé;1;Sousse, Kairouan;17/01/2025;https://kapitalis.com/tunisie/2025/01/17/trafic-de-cocaine-un-reseau-operant-entre-kairouan-et-sousse-demantele/
Un commerçant revendait de la drogue dans son magasin à Gafsa;1;Métlaoui, Gafsa;15/01/2025;https://kapitalis.com/tunisie/2025/01/15/un-commercant-revendait-de-la-drogue-dans-son-magasin-a-gafsa/
Trafic de drogue : Un réseau démantelé à la cité Ettadhamen;1;Tunis, Ariana, Ettadhamen;14/01/2025;https://kapitalis.com/tunisie/2025/01/14/trafic-de-drogue-un-reseau-demantele-a-la-cite-ettadhamen/
Tunis : Un repris de justice arrêté pour tentative de meurtre;2;Tunis;11/01/2025;https://kapitalis.com/tunisie/2025/01/11/tunis-un-repris-de-justice-arrete-pour-tentative-de-meurtre/
Nabeul : Une femme et trois hommes arrêtés avec 30.000 comprimés de stupéfiant;1;trafic|Tunis|Tunisie, Grand-Tunis, Nabeul;10/01/2025;https://kapitalis.com/tunisie/2025/01/10/nabeul-une-femme-et-trois-hommes-arretes-avec-30-000-comprimes-de-stupefiant/
Tunisie : 21 suspects arrêtés, de l’or, des devises et 185 kg de cannabis saisis (Vidéo);1;Tunisie, Sousse, Kairouan, Mahdia, Grand-Tunis;10/01/2025;https://kapitalis.com/tunisie/2025/01/10/tunisie-21-suspects-arretes-de-lor-des-devises-et-185-kg-de-cannabis-saisis-video/
Drogue en milieu scolaire : Un réseau de trafic démantelé à la Marsa;1;Tunis, Marsa;09/01/2025;https://kapitalis.com/tunisie/2025/01/09/drogue-en-milieu-scolaire-un-reseau-de-trafic-demantele-a-la-marsa/
Le Kram : Un délinquant et son épouse arrêtés pour trafic de drogue;1;Kram, Tunis, drogue|Tunis|Tunisie;09/01/2025;https://kapitalis.com/tunisie/2025/01/09/le-kram-un-delinquant-et-son-epouse-arretes-pour-trafic-de-drogue/
Trafic de cannabis & de cocaïne : Un dealer arrêté à la Marsa;1;Tunis, Marsa;07/01/2025;https://kapitalis.com/tunisie/2025/01/07/trafic-de-cannabis-de-cocaine-un-dealer-arrete-a-la-marsa/
Condamné à 32 ans pour trafic de drogue, un délinquant arrêté à Kasserine;1;Kasserine;06/01/2025;https://kapitalis.com/tunisie/2025/01/06/condamne-a-32-ans-pour-trafic-de-drogue-un-delinquant-arrete-a-kasserine/
Nabeul : Un gardien commet un braquage dans le magasin qui l’emploie;3;Cagoulé, Nabeul;04/01/2025;https://kapitalis.com/tunisie/2025/01/04/nabeul-un-gardien-commet-un-braquage-dans-le-magasin-qui-lemploie/
Un dealer recherché pour meurtre arrêté à Moknine;1;Monastir, Moknine;02/01/2025;https://kapitalis.com/tunisie/2025/01/02/un-dealer-recherche-pour-meurtre-arrete-a-moknine/
Trafic de drogue : Saisie de 3.5 kg de cocaïne à Tunis;1;Tunis, gouvernorat de la Manouba, Aïn Zaghouan;25/12/2024;https://kapitalis.com/tunisie/2024/12/25/trafic-de-drogue-saisie-de-3-5-kg-de-cocaine-a-tunis/
Un dealer de cocaïne arrêté en flagrant délit à Moknine;1;Moknine;25/12/2024;https://kapitalis.com/tunisie/2024/12/25/un-dealer-de-cocaine-arrete-en-flagrant-delit-a-moknine/
Tunisie : démantèlement d’un réseau de trafic de drogue à l’Ariana;1;Tunis, Mosaïque FM, Tunisie, Ariana, Ettadhamen;22/12/2024;https://kapitalis.com/tunisie/2024/12/22/tunisie-demantelement-dun-reseau-de-trafic-de-drogue-a-lariana/
Vaste opération sécuritaire à Nabeul et à Zaghouan : 451 suspects arrêtés;1;Zaghouan, département de l’Intérieur, Nabeul, Intérieur|Nabeul|opération;22/12/2024;https://kapitalis.com/tunisie/2024/12/22/vaste-operation-securitaire-a-nabeul-et-a-zaghouan-451-suspects-arretes/
Cocaïne et ecstasy à Gafsa : Trois trafiquants arrêtés;1;Gafsa;21/12/2024;https://kapitalis.com/tunisie/2024/12/21/cocaine-et-ecstasy-a-gafsa-trois-trafiquants-arretes/
El-Manar : Une femme arrêtée pour trafic de cocaïne;1;El-Manar, El-Manar 2;20/12/2024;https://kapitalis.com/tunisie/2024/12/20/el-manar-une-femme-arretee-pour-trafic-de-cocaine/
Trafic de drogue : Deux femmes et deux hommes arrêtés à Sousse;1;Sousse;20/12/2024;https://kapitalis.com/tunisie/2024/12/20/trafic-de-drogue-a-sousse-deux-femmes-et-deux-hommes-arretes/
Kef : Un homme et son épouse mortellement poignardés à Sakiet Sidi Youssef;2;Mosaïque FM, Haouami, Sakiet Sidi Youssef homicide|Kef|meurtre|Sakiet Sidi Youssef|Tunisie, Kef, Sakiet Sidi Youssef;17/12/2024;https://kapitalis.com/tunisie/2024/12/17/kef-un-homme-et-son-epouse-mortellement-poignardes-a-sakiet-sidi-youssef/
Trafic de drogue à l’Ariana : 4 Subsahariens arrêtés à Borj Louzir;1;Tunis, Borj Louzir, Subsahariens, Ariana-nord, Ariana;16/12/2024;https://kapitalis.com/tunisie/2024/12/16/trafic-de-drogue-a-lariana-4-subsahariens-arretes-a-borj-louzir/
El-Mourouj : 440 plaquettes de cannabis saisies chez un dealer;1;Tunis, El-Mourouj, El-Mourouj 2;13/12/2024;https://kapitalis.com/tunisie/2024/12/13/el-mourouj-440-plaquettes-de-cannabis-saisies-chez-un-dealer/
Trafic de cocaïne à Sousse : Un couple et son complice arrêtés;1;Sousse, El-Gorjani;13/12/2024;https://kapitalis.com/tunisie/2024/12/13/trafic-de-cocaine-a-sousse-un-couple-et-son-complice-arretes/
Deux dealers arrêtés en possession de drogues à Sfax;1;Sfax;12/12/2024;https://kapitalis.com/tunisie/2024/12/12/deux-dealers-arretes-en-possession-de-drogues-a-sfax/
La Marsa : Drogues et armes blanches saisies chez un dealer;1;Tunis, Marsa;10/12/2024;https://kapitalis.com/tunisie/2024/12/10/la-marsa-drogues-et-armes-blanches-saisies-chez-un-dealer/
Tunis : saisie d’un kilo de cocaïne dans une maison au Bardo;1;Tunis, Bardo, Ariana, Grand-Tunis, Khaled, Manouba, Ettadhamen;09/12/2024;https://kapitalis.com/tunisie/2024/12/09/tunis-saisie-dun-kilo-de-cocaine-dans-une-maison-au-bardo/
Tunisie : un joueur de football placé en garde-à-vue pour détention de stupéfiant;1;Mosaïque FM, Tunisie;02/12/2024;https://kapitalis.com/tunisie/2024/12/02/tunisie-un-joueur-de-football-place-en-garde-a-vue-pour-detention-de-stupefiant/
Drogues et armes blanches saisies au Kram : Quatre dealers arrêtés;1;Kram, Tunis;28/11/2024;https://kapitalis.com/tunisie/2024/11/28/drogues-et-armes-blanches-saisies-au-kram-quatre-dealers-arretes/
Tunisie: 321 individus impliqués dans le trafic de drogue arrêtés à Bizerte et Béja;1;Bizerte, Béja, Tunisie, Béja Beja|Bizerte|cannabis|psychotropes|trafic;23/11/2024;https://kapitalis.com/tunisie/2024/11/23/tunisie-321-individus-impliques-dans-le-trafic-de-drogue-arretes-entre-bizerte-et-beja/
Série de braquages de taxis : Les suspects arrêtés à Jebel Lahmar;1;Jebel Lahmar, El-Omrane, Tunis;22/11/2024;https://kapitalis.com/tunisie/2024/11/22/serie-de-braquages-de-taxis-les-suspects-arretes-a-jebel-lahmar/
Ariana : Cocaïne, cannabis et trafic de devises à la Cité Ghazela;1;Ariana, Cité Ghazela Ariana|cannabis|Cité Ghazela|cocaïne|dealer|devises|trafic|Tunisie, Cité Ghazela, El-Gorjani;21/11/2024;https://kapitalis.com/tunisie/2024/11/21/ariana-cocaine-cannabis-et-trafic-de-devises-a-la-cite-ghazela/
Abdellatif Mekki agressé et brûlé au visage : Avis de recherche émis contre les suspects;4;Tunis, El Ouardia, Mosaïque FM, Sidi Béchir;20/11/2024;https://kapitalis.com/tunisie/2024/11/20/abdellatif-mekki-agresse-et-brule-au-visage-avis-de-recherche-emis-contre-les-suspects/
Démantèlement d’un réseau de trafic de drogue opérant dans le Grand-Tunis (Vidéo);1;Ksar Said, cannabis|drogue|Ecstasy|Grand-Tunis|marijuana|réseau|trafic|Tunisie, Grand-Tunis, Vidéo;19/11/2024;https://kapitalis.com/tunisie/2024/11/19/demantelement-dun-reseau-de-trafic-de-drogue-operant-dans-le-grand-tunis-video/
Drame à Nabeul : Un propriétaire tué par son locataire suite à un différend sur le loyer;2;Nabeul, gouvernorat de;19/11/2024;https://kapitalis.com/tunisie/2024/11/19/drame-a-nabeul-un-proprietaire-tue-par-son-locataire-suite-a-un-differend-sur-le-loyer/
Cocaïne, héroïne et stupéfiants à la Manouba : Un réseau de trafic démantelé;1;Khaled, Manouba;15/11/2024;https://kapitalis.com/tunisie/2024/11/15/cocaine-heroine-et-stupefiants-a-la-manouba-un-reseau-de-trafic-demantele/
Trafic de drogue à Djerba : Un étranger et son complice tunisien placés en détention;1;Ajim, Djerba, Tunisien, aéroport international de Djerba-Zarzis;14/11/2024;https://kapitalis.com/tunisie/2024/11/14/trafic-de-drogue-a-djerba-un-etranger-et-son-complice-tunisien-places-en-detention/
La Marsa : Arrestation du chauffeur de taxi qui a agressé deux élèves;4;Tunis, Marsa, Cité Erriadh de La Marsa;13/11/2024;https://kapitalis.com/tunisie/2024/11/13/la-marsa-arrestation-du-chauffeur-de-taxi-qui-a-agresse-deux-eleves/
Tunisie : 30 ans de prison pour une dispute de la circulation;2;Tunis, Tunisie;04/11/2024;https://kapitalis.com/tunisie/2024/11/04/tunisie-30-ans-de-prison-pour-une-dispute-de-la-circulation/
Tunisie : 700 personnes recherchées arrêtées en 40 jours;1;Mamacha|psychotropes|stupéfiants|trafiquants|Tunisie, Grand Tunis, Tunisie, àMosaïque FM;25/10/2024;https://kapitalis.com/tunisie/2024/10/25/tunisie-700-personnes-recherchees-arretees-en-40-jours/
Six kilos de cocaïne, 426 plaquettes de cannabis et des armes saisis à Menzel Kamel;1;gouvernorat de Monastir;20/10/2024;https://kapitalis.com/tunisie/2024/10/20/six-kilos-de-cocaine-426-plaquettes-de-cannabis-et-des-armes-saisis-a-menzel-kamel/
Trafic de drogue : Démantèlement d’un réseau opérant entre la Tunisie et l’Europe (DGSN);1;Tunis, Tunisie, Europe;15/10/2024;https://kapitalis.com/tunisie/2024/10/15/trafic-de-drogue-demantelement-dun-reseau-operant-entre-la-tunisie-et-leurope-dgsn/
Chaambi : Saisie de 160 plaquettes de cannabis, un réseau international démantelé (Vidéo);1;Chaambi, département de l’Intérieur;14/10/2024;https://kapitalis.com/tunisie/2024/10/14/chaambi-saisie-de-160-plaquettes-de-cannabis-un-reseau-international-demantele-video/
Deal en famille à Radès: Deux frères arrêtés avec 1 kilo de cocaïne;1;Tunis, Radès, Arous|cocaïne|dealers|drogue|Radès|Tunis|Tunisie;11/10/2024;https://kapitalis.com/tunisie/2024/10/11/deal-en-famille-a-rades-deux-frere-arretes-avec-1-kilo-de-cocaine/
Braquage à l’arme blanche dans un garage automobile : Les suspects arrêtés;3;Sidi Hassine;10/10/2024;https://kapitalis.com/tunisie/2024/10/10/braquage-a-larme-blanche-dans-un-garage-automobile-les-suspects-arretes/
El-Menzah 6 : Un commerçant revendait de la cocaïne dans son épicerie;1;Tunis, Ariana, El-Menzah, Ariana|cocaïne|El-Menzah;10/10/2024;https://kapitalis.com/tunisie/2024/10/10/el-menzah-6-un-commercant-revendait-de-la-cocaine-dans-son-epicerie/
Kef : le meurtrier arrêté alors qu’il cherchait à fuir vers l’Algérie;2;Kef-Ouest, Algérie Algérie|Kef|meurtre|Tunisie, Kef, Algérie;10/10/2024;https://kapitalis.com/tunisie/2024/10/10/kef-le-meurtrier-arrete-alors-quil-cherchait-a-fuir-vers-lalgerie/
Moknine : la maîtresse de l’époux infidèle est  une trafiquante de drogue;1;Mahdia, Monastir, Moknine;09/10/2024;https://kapitalis.com/tunisie/2024/10/09/moknine-la-maitresse-de-lepoux-infidele-est-une-trafiquante-de-drogue/
L’auteur d’une série de cambriolages à Sousse arrêté et placé en détention;3;Sousse arrêté;09/10/2024;https://kapitalis.com/tunisie/2024/10/09/lauteur-dune-serie-de-cambriolages-a-sousse-arrete-et-place-en-detention/
Trafic de drogue à Moknine : Une femme arrêtée, 4 suspects recherchés;1;Moknine;07/10/2024;https://kapitalis.com/tunisie/2024/10/07/trafic-de-drogue-a-moknine-une-femme-arretee-4-suspects-recherches/
Trafic de drogue aux alentours d’un lycée : Deux dealers arrêtés à Tunis;1;Tunis, Tunis dealers|drogue|lycée|Sidi, Sidi Béchir;05/10/2024;https://kapitalis.com/tunisie/2024/10/05/trafic-de-drogue-aux-alentours-dun-lycee-deux-dealers-arretes-a-tunis/
Ariana : Mandats de dépôt contre les 4 dealers arrêtés à la Cité Ettadhamen;1;Ariana, Cité Ettadhamen;01/10/2024;https://kapitalis.com/tunisie/2024/10/01/ariana-mandats-de-depot-contre-les-4-dealers-arretes-a-la-cite-ettadhamen/
Trafic aux abords des établissements scolaires : Trois dealers arrêtés à Sousse;1;Tunisienne, Sousse, Sousse drogue|établissements;30/09/2024;https://kapitalis.com/tunisie/2024/09/30/trafic-aux-abords-des-etablissements-scolaires-trois-dealers-arretes-a-sousse/
Hold-up dans une agence bancaire à El-Ouardia : Mandat de dépôt contre le suspect;3;Tunis, El-Ouardia, Europe, Jebel Jeloud, La Cagna;26/09/2024;https://kapitalis.com/tunisie/2024/09/26/hold-up-dans-une-agence-bancaire-a-el-ouardia-mandat-de-depot-contre-le-suspect/
Car-jacking et agression à l’arme blanche : Un individu arrêté à Tunis;4;Tunis, Saïda El Manoubia, Cité Hilal;25/09/2024;https://kapitalis.com/tunisie/2024/09/25/car-jacking-et-agression-a-larme-blanche-un-individu-arrete-a-tunis/
Meurtre à Zaghouan : Le suspect arrêté et placé en détention;2;Zaghouan;25/09/2024;https://kapitalis.com/tunisie/2024/09/25/meurtre-a-zaghouan-le-suspect-arrete-et-place-en-detention/
Drame en Italie : Une Tunisienne tuée par son ex-époux devant leurs enfants à Turin (Vidéo);2;Tunisien, Tunisienne, Turin, Italie;24/09/2024;https://kapitalis.com/tunisie/2024/09/24/drame-en-italie-une-tunisienne-tuee-par-son-ex-epoux-devant-leurs-enfants-a-turin-video/
Trafic et vol de voitures : Deux étrangers arrêtés au Kef;1;Kef;22/09/2024;https://kapitalis.com/tunisie/2024/09/22/trafic-et-vol-de-voitures-deux-etrangers-arretes-au-kef/
L’auteur présumé du hold-up d’El-Ouardia arrêté par la police;3;Tunis, El-Ouardia, Europe, Jebel Jeloud, La Cagna;21/09/2024;https://kapitalis.com/tunisie/2024/09/21/lauteur-presume-du-hold-up-del-ouardia-arrete-par-la-police/
Femme arrêtée pour meurtre à Monastir : Une promesse de mariage non tenue au cœur du drame;2;district de Monastir, Monastir, procureur de la République;20/09/2024;https://kapitalis.com/tunisie/2024/09/20/femme-arretee-pour-meurtre-a-monastir-une-promesse-de-mariage-non-tenue-au-coeur-du-drame/
Tunis : En fuite depuis 2017 et recherché par Interpol, un individu arrêté aux Berges du Lac;1;Tunis, Tunisie, Berges du Lac, El-Gorjani, Berges du Lac Berges du Lac|blanchiment;19/09/2024;https://kapitalis.com/tunisie/2024/09/19/tunis-en-fuite-depuis-2017-et-recherche-par-interpol-un-individu-arrete-aux-berges-du-lac/
Trafic de drogue : Démantèlement d’un réseau opérant entre Tunis, Sousse et Mahdia;1;Tunis, Hergla, Sousse, Mahdia, drogue|Tunis|Tunisie;18/09/2024;https://kapitalis.com/tunisie/2024/09/18/trafic-de-drogue-demantelement-dun-reseau-operant-entre-tunis-sousse-et-mahdia/
Tunis : hold-up dans une agence bancaire à El-Ouardia;3;Tunis, El- Ouardia;17/09/2024;https://kapitalis.com/tunisie/2024/09/17/tunis-hold-up-dans-une-agence-bancaire-a-el-ouardia/
Arrestation des deux ados auteurs présumés du meurtre d’un élève à Megrine;2;Tunis, Zaghouan, Mégrine;17/09/2024;https://kapitalis.com/tunisie/2024/09/17/arrestation-des-deux-ados-auteurs-presumes-du-meurtre-dun-eleve-a-megrine/
Élève tué près d’un lycée à Mégrine : Deux individus en détention;2;Mégrine, Mosaïque FM;16/09/2024;https://kapitalis.com/tunisie/2024/09/16/eleve-tue-pres-dun-lycee-a-megrine-deux-individus-en-detention/
Tunisie : saisie de 200 kg de cannabis et 31 kg de cocaïne en 8 mois;1;aéroport Tunis-Carthage, Afrique subsaharienne, Tunisie, subsaharienne|cannabis|Chokri;03/09/2024;https://kapitalis.com/tunisie/2024/09/03/tunisie-saisie-de-200-kg-de-cannabis-et-31-kg-de-cocaine-en-8-mois/
Aéroport de Tunis-Carthage : une femme arrêtée avec 6,5 kg de cocaïne;1;Aéroport de Tunis-Carthage, aéroport de Tunis-Carthage, Tunisien, aéroport de Tunis-Carthage|cocaïne|Tunisie, Sahara;02/09/2024;https://kapitalis.com/tunisie/2024/09/02/aeroport-de-tunis-carthage-une-femme-arretee-avec-65-kg-de-cocaine/
Un jeune homme mort poignardé au centre-ville de Hammamet;2;Hammamet, Hammamet Hammamet|hémorragie;01/09/2024;https://kapitalis.com/tunisie/2024/09/01/un-jeune-homme-mort-poignarde-au-centre-ville-de-hammamet/
Sousse : Saisie de 37.700 comprimés d’ecstasy et de 17.000 plaquettes de cannabis;1;département de l’Intérieur, Sousse, Kalâa Sghira;01/09/2024;https://kapitalis.com/tunisie/2024/09/01/sousse-saisie-de-37-700-comprimes-decstasy-et-de-17-000-plaquettes-de-cannabis/
Douz : Saisie de stupéfiants et de marchandises de contrebande;1;Douz, Tunisie, Kébili;30/08/2024;https://kapitalis.com/tunisie/2024/08/30/douz-saisie-de-stupefiants-et-de-marchandises-de-contrebande/
Trafic et vol en famille : Deux frères arrêtés à Nabeul;1;Nabeul;28/08/2024;https://kapitalis.com/tunisie/2024/08/28/trafic-et-vol-en-famille-deux-freres-arretes-a-nabeul/
Trafic de drogue et tentative de viol d’une mineure : 10 suspects arrêtés à Sousse;1;Sousse, Sousse DGSN|Sousse|trafic;24/08/2024;https://kapitalis.com/tunisie/2024/08/24/trafic-de-drogue-et-tentative-de-viol-dune-mineure-10-suspects-arretes-a-sousse/
Braquage d’un bureau de change au Kram : Un repris de justice arrêté;3;Kram, Tunis;23/08/2024;https://kapitalis.com/tunisie/2024/08/23/braquage-dun-bureau-de-change-au-kram-un-repris-de-justice-arrete/
Tunisie : Un réseau de trafic de drogue démantelé à Sousse;1;Sousse, Sousse cannabis|cocaïne|DGSN|Sousse|trafic, Tunisie, Parquet de Sousse;20/08/2024;https://kapitalis.com/tunisie/2024/08/20/tunisie-un-reseau-de-trafic-de-drogue-demantele-a-sousse/
Douane tunisienne : 10,7 kg de cocaïne et des fusils saisis à Ras Jedir;1;Ras, Ras Jedir, Douane tunisienne, Tunisien, Libye;19/08/2024;https://kapitalis.com/tunisie/2024/08/19/douane-tunisienne-107-kg-de-cocaine-et-des-fusils-saisis-a-ras-jedir/
Hammamet : Une femme et deux hommes arrêtés pour trafic de drogue;1;Grombalia, Hammamet, Nabeul;17/08/2024;https://kapitalis.com/tunisie/2024/08/17/hammamet-une-femme-et-deux-hommes-arretes-pour-trafic-de-drogue/
Trafic de drogue à Ben Arous : Trois réseaux démantelés, 15 dealers arrêtés;1;;14/08/2024;https://kapitalis.com/tunisie/2024/08/14/trafic-de-drogue-a-ben-arous-trois-reseaux-demanteles-15-dealers-arretes/
L’auteur du double féminicide d’Ennasr arrêté à Séjoumi;2;Tunis, Tunisie, Ariana, Séjoumi, Ennasr;13/08/2024;https://kapitalis.com/tunisie/2024/08/13/lauteur-du-double-feminicide-dennasr-arrete-a-sejoumi/
Cité Ennasr : Un individu tue son épouse et sa belle mère à coups de couteau;2;Cité Ennasr, Ariana;12/08/2024;https://kapitalis.com/tunisie/2024/08/12/cite-ennasr-un-individu-tue-son-epouse-et-sa-belle-mere-a-coups-de-couteau/
Le Kram : Un individu arrêté pour le meurtre de son épouse tuée à coups de couteau;2;Kram, Carthage, Tunis;09/08/2024;https://kapitalis.com/tunisie/2024/08/09/le-kram-un-individu-arrete-pour-le-meurtre-de-son-epouse-tuee-a-coups-de-couteau/
Trafic d’ecstasy en famille : Une mère et son fils arrêtés à El-Ouardia;1;Tunis, El-Ouardia;08/08/2024;https://kapitalis.com/tunisie/2024/08/08/trafic-decstasy-en-famille-une-mere-et-son-fils-arretes-a-el-ouardia/
Hammamet : Un couple et son complice arrêtés pour trafic de drogue;1;Hammamet, drogue|Hammamet|stupéfiants|trafic;07/08/2024;https://kapitalis.com/tunisie/2024/08/07/hammamet-un-couple-et-son-complice-arretes-pour-trafic-de-drogue/
Démantèlement d’un réseau de trafic de drogue : Un homme et son épouse arrêtés;1;département de l’Intérieur, Sidi Thabet, Jendouba;06/08/2024;https://kapitalis.com/tunisie/2024/08/06/demantelement-dun-reseau-de-trafic-de-drogue-un-homme-et-son-epouse-arretes/
"Tentative de meurtre au Kram : Un suspect arrêté; son complice recherché";2;Kram, La Goulette, meurtre|Tunis|Tunisie, Carthage-Byrsa, Carthage, Karm Ouest;04/08/2024;https://kapitalis.com/tunisie/2024/08/04/tentative-de-meurtre-au-kram-un-suspect-arrete-son-complice-recherche/
Retour sur le drame de Zahrouni, où un individu a tué son épouse et sa fille !;2;Séjoumi;02/08/2024;https://kapitalis.com/tunisie/2024/08/02/retour-sur-le-drame-de-zahrouni-ou-un-individu-a-tue-son-epouse-et-sa-fille/
Tunis : Garde à vue pour un homme accusé d’un double meurtre à Séjoumi;2;Tunis, Garde, affirmeMosaïque FM, Séjoumi, Zahrouni;02/08/2024;https://kapitalis.com/tunisie/2024/08/02/tunis-garde-a-vue-pour-un-homme-accuse-dun-double-meurtre-a-sejoumi/
Ezzahra : Arrestation d’un élève de 18 ans pour trafic de cocaïne;1;Tunis, Ezzahra;02/08/2024;https://kapitalis.com/tunisie/2024/08/02/ezzahra-arrestation-dun-eleve-de-18-ans-pour-trafic-de-cocaine/
Féminicide effroyable à Ben Arous : Le tueur arrêté (DGGN);2;;01/08/2024;https://kapitalis.com/tunisie/2024/08/01/feminicide-effroyable-a-ben-arous-le-tueur-arrete-dggn/
Tunis : arrestation d’un trafiquant de drogue à la Marsa;1;Tunis, Marsa, Sidi Abdelaziz, Marsa Marsa|plage de Sidi;31/07/2024;https://kapitalis.com/tunisie/2024/07/31/tunis-arrestation-dun-trafiquant-de-drogue-a-la-marsa/
Nermine Sfar se dit victime d’une tentative de détournement à l’arme blanche;2;Bardo, Egypte, Tunisienne, Ksar Saïd, gouvernorat de Manouba;30/07/2024;https://kapitalis.com/tunisie/2024/07/30/nermine-sfar-se-dit-victime-dune-tentative-de-detournement-a-larme-blanche/
Meurtre d’un chauffeur de taxi à Sidi Hassine : Les tueurs et leurs complices arrêtés;4;Tunis, Tunisie, Sidi Hassine;29/07/2024;https://kapitalis.com/tunisie/2024/07/29/meurtre-dun-chauffeur-de-taxi-a-sidi-hassine-les-tueurs-et-leurs-complices-arretes/
Trafic de drogue à Tunis : Une femme recherchée et son complice arrêtés;1;Tunis, district de la Cité Houas, Cité Houas Ezzahrouni, drogue|Tunis|Tunisie;29/07/2024;https://kapitalis.com/tunisie/2024/07/29/trafic-de-drogue-a-tunis-une-femme-recherchee-et-son-complice-arretes/
Un homme agressé à mort à Sousse : Trois suspects, dont deux mineurs arrêtés;2;Sousse, Sousse 1, Parquet de Sousse;21/07/2024;https://kapitalis.com/tunisie/2024/07/21/un-homme-agresse-a-mort-a-sousse-trois-suspects-dont-deux-mineurs-arretes/
Démantèlement d’un réseau de trafic de drogue opérant entre Le Kef et Kasserine;1;Sbeïtla, Tunisie, Kasserine cannabis|drogue|Kalaat, Kasserine, Kef;17/07/2024;https://kapitalis.com/tunisie/2024/07/17/demantelement-dun-reseau-de-trafic-de-drogue-operant-entre-le-kef-et-kasserine/
Sousse: Saisie de 2 kg de cocaïne chez un étranger;1;Sousse;15/07/2024;https://kapitalis.com/tunisie/2024/07/15/sousse-saisie-de-2-kg-de-cocaine-chez-un-etranger/
Trafic de drogue dans les discothèques : Un réseau démantelé à La Marsa et à Gammarth;1;Tunis, Gammarth, El-Gorjani, département de l’Intérieur, La Marsa;11/07/2024;https://kapitalis.com/tunisie/2024/07/11/trafic-de-drogue-dans-les-discotheques-un-reseau-demantele-a-la-marsa-et-a-gammarth/
France : Enquête suite au meurtre d’un Tunisien, mortellement poignardé à Paris;2;France, Tunisie, 20e arrondissement de, Parquet de Paris, Tunisien, Paris;10/07/2024;https://kapitalis.com/tunisie/2024/07/10/france-enquete-suite-au-meurtre-dun-tunisien-mortellement-poignarde-a-paris/
Tunis : Un dangereux délinquant arrêté à Ibn Sina (DGGN);2;Tunis;10/07/2024;https://kapitalis.com/tunisie/2024/07/10/tunis-un-dangereux-delinquant-arrete-a-ibn-sina-dggn/
Braquage d’une agence bancaire à Sousse : Le «voleur à la chemise rouge» arrêté;3;Sousse;07/07/2024;https://kapitalis.com/tunisie/2024/07/07/braquage-dune-agence-bancaire-a-sousse-le-voleur-a-la-chemise-rouge-arrete/
Métlaoui : La police arrête un délinquant qui avait planifié de tuer son épouse;2;Métlaoui, Gafsa;03/07/2024;https://kapitalis.com/tunisie/2024/07/03/metlaoui-la-police-arrete-un-delinquant-qui-planifiant-de-tuer-son-epouse/
Règlement de comptes à Kasserine : Un individu arrêté pour tentative de meurtre;2;Feriana, Kasserine, gouvernorat de Kasserine;26/06/2024;https://kapitalis.com/tunisie/2024/06/26/reglement-de-comptes-a-kasserine-un-individu-arrete-pour-tentative-de-meurtre/
Moknine : Un dealer arrêté en possession de 8270 comprimés de stupéfiant;1;gouvernorat de Monastir, Moknine;26/06/2024;https://kapitalis.com/tunisie/2024/06/26/moknine-un-dealer-arrete-en-possession-de-8270-comprimes-de-stupefiant/
Féminicide : Nouveau drame à Kairaoun, «Elle s’appelait Intidhar» (Aswat Nissa);2;Féminicide, Etat tunisien, Kairaoun, Kairouan;18/06/2024;https://kapitalis.com/tunisie/2024/06/18/feminicide-nouveau-drame-a-kairaoun-elle-sappelait-intidhar-aswat-nissa/
Douane-Sfax : Deux individus interceptés avec 2800 cachets d’ecstasy et de la cocaïne;1;Tunisiens, Sfax, Douane tunisienne;14/06/2024;https://kapitalis.com/tunisie/2024/06/14/douane-sfax-deux-individus-interceptes-avec-2800-cachets-decstasy-et-de-la-cocaine/
Jendouba : Un conflit sur un héritage se termine par un meurtre;2;Ghardimaou, Jendouba;14/06/2024;https://kapitalis.com/tunisie/2024/06/14/jendouba-un-conflit-sur-un-heritage-se-termine-par-un-meurtre/
La Marsa : Un homme mortellement poignardé par son collègue !;2;Tunis, Marsa, La Marsa;13/06/2024;https://kapitalis.com/tunisie/2024/06/13/la-marsa-un-homme-mortellement-poignarde-par-son-collegue/
Saisie de cocaïne, cannabis et stupéfiants à Boumhal : Six dealers arrêtés;1;Tunis, Boumhal;10/06/2024;https://kapitalis.com/tunisie/2024/06/10/saisie-de-cocaine-cannabis-et-stupefiants-a-boumhal-six-dealers-arretes/
Trafic de cocaïne à Mahdia : Trois dealers arrêtés;1;Mahdia;05/06/2024;https://kapitalis.com/tunisie/2024/06/05/trafic-de-cocaine-a-mahdia-trois-dealers-arretes/
Douane : Saisie de plus de 43.000 comprimés de stupéfiants;1;Prégabaline, Sfax;04/06/2024;https://kapitalis.com/tunisie/2024/06/04/douane-saisie-de-plus-de-43-000-comprimes-de-stupefiants/
Jebel Lahmar : Un takfiriste tue son voisin à coups de couteau;2;Jebel Lahmar, El-Omrane, Jebel;03/06/2024;https://kapitalis.com/tunisie/2024/06/03/jebel-lahmar-un-takfiriste-tue-son-voisin-a-coups-de-couteau/
Raoued : Un délinquant arrêté pour agression et faits de violences;2;Ariana, Raoued, Ariana|délinquant|DGSN|Ghazela|Raoued|Tunisie|violences, Ghazela;01/06/2024;https://kapitalis.com/tunisie/2024/06/01/raoued-un-delinquant-arrete-pour-agression-et-faits-de-violences/
Tunis : Des colis contenant 37.500 comprimés de stupéfiants interceptés par la douane;1;Tunis, Prégabaline;29/05/2024;https://kapitalis.com/tunisie/2024/05/29/tunis-des-colis-contenant-37-500-comprimes-de-stupefiants-interceptes-par-la-douane/
Drame à Bizerte : Un individu tue son père et blesse son frère à coups de couteau;2;Bizerte, Bizerte|crime|homicide|meurtre|police|Tunisie;29/05/2024;https://kapitalis.com/tunisie/2024/05/29/drame-a-bizerte-un-individu-tue-son-pere-et-blesse-son-frere-a-coups-de-couteau/
La Goulette : De la drogue dissimulée dans des paquets de thé, de café et de chocolats;1;Tunis, port de la Goulette, Port de La Goulette, Tunisiens, Tunisien;27/05/2024;https://kapitalis.com/tunisie/2024/05/27/la-goulette-de-la-drogue-dissimulee-dans-des-paquets-de-the-de-cafe-et-de-chocolats/
Kébili : Un étranger et un Tunisien arrêtés pour trafic de stupéfiants;1;Prégabaline, Tunisien, Kébili;23/05/2024;https://kapitalis.com/tunisie/2024/05/23/kebili-un-etranger-et-un-tunisien-arretes-pour-trafic-de-stupefiants/
Bardo : Auteurs d’une série de braquages visant des femmes, deux délinquants arrêtés;3;Tunis, Bardo;22/05/2024;https://kapitalis.com/tunisie/2024/05/22/bardo-auteurs-dune-serie-de-braquages-visant-des-femmes-deux-delinquants-arretes/
Saisie de 100 plaquettes de cannabis à la Cité Ettadhamen;1;Ariana, Cité Ettadhamen;22/05/2024;https://kapitalis.com/tunisie/2024/05/22/saisie-de-100-plaquettes-de-cannabis-a-la-cite-ettadhamen/
Trafic de cocaïne et de cannabis : Un réseau démantelé dans le Grand-Tunis;1;Grand-Tunis;15/05/2024;https://kapitalis.com/tunisie/2024/05/15/trafic-de-cocaine-et-de-cannabis-un-reseau-demantele-dans-le-grand-tunis/
Réseau international de trafic d’héroïne : Arrestation de deux frères et d’une complice;1;Tunis, aéroport de Tunis, aéroport de Tunis-Carthage, Tunisie;14/05/2024;https://kapitalis.com/tunisie/2024/05/14/reseau-international-de-trafic-dheroine-arrestation-de-deux-freres-et-dune-complice/
Tunisie : Communiqué du MI à propos de l’arrestation de Me Zagrouba;4;Tunis, Tunisie, département de l’Intérieur;13/05/2024;https://kapitalis.com/tunisie/2024/05/13/tunisie-communique-du-mi-a-propos-de-larrestation-de-me-zagrouba/
Sousse : Un chauffeur de taxi arrêté pour le viol d’un mineur de 12 ans;4;Sousse;13/05/2024;https://kapitalis.com/tunisie/2024/05/13/sousse-un-chauffeur-de-taxi-arrete-pour-le-viol-dun-mineur-de-12-ans/
Tunisie : Du nouveau dans l’affaire de la mère maltraitante;2;Femme, Mahdia, Tunisie;11/05/2024;https://kapitalis.com/tunisie/2024/05/11/tunisie-du-nouveau-dans-laffaire-de-la-mere-maltraitante/
Kasserine : Arrestation de l’individu qui a agressé un avocat à l’arme blanche devant le tribunal;4;Kasserine, Thala, gouvernorat de Kasserine;09/05/2024;https://kapitalis.com/tunisie/2024/05/09/kasserine-arrestation-de-lindividu-qui-a-agresse-un-avocat-a-larme-blanche-devant-le-tribunal/
Un corps découvert près d’un canal : Le tueur arrêté à Boumhal;2;Tunis, Arous|Boumhal|homicide, Boumhal;08/05/2024;https://kapitalis.com/tunisie/2024/05/08/un-corps-decouvert-pres-dun-canal-le-tueur-arrete-a-boumhal/
Kasserine : Recherché pour terrorisme, un takfiriste arrêté en possession de drogue;1;Kasserine, cannabis|drogue|Hassi, Hassi El Farid;08/05/2024;https://kapitalis.com/tunisie/2024/05/08/kasserine-recherche-pour-terrorisme-un-takfiriste-arrete-en-possession-de-drogue/
Sfax : Deux individus arrêtés pour trafic de drogue et blanchiment d’argent;1;Sfax;07/05/2024;https://kapitalis.com/tunisie/2024/05/07/sfax-deux-individus-arretes-pour-trafic-de-drogue-et-blanchiment-dargent/
Un couple victime d’un car-jacking à Ennahli : Trois délinquants arrêtés;3;Ariana;07/05/2024;https://kapitalis.com/tunisie/2024/05/07/un-couple-victime-dun-car-jacking-a-ennahli-trois-delinquants-arretes/
